datetime,open,high,low,close,volume
2026-01-01 09:15:00,26173.3,26195.35,26157.05,26161.1,57635796
2026-01-01 09:25:00,26160.35,26189.6,26149.25,26180.1,12650368
2026-01-01 09:35:00,26179.5,26188.95,26162.75,26181.55,8862887
2026-01-01 09:45:00,26178.25,26197.55,26163.25,26189.1,9342122
2026-01-01 09:55:00,26189.8,26192.9,26153.5,26171.7,9468256
2026-01-01 10:05:00,26170.4,26179.1,26147.0,26151.15,5864909
2026-01-01 10:15:00,26151.65,26152.15,26117.7,26136.35,6918084
2026-01-01 10:25:00,26135.95,26167.1,26134.1,26166.0,5163561
2026-01-01 10:35:00,26165.8,26173.5,26149.4,26161.35,7938131
2026-01-01 10:45:00,26161.1,26185.6,26160.95,26179.5,5860666
2026-01-01 10:55:00,26180.0,26180.7,26161.4,26164.85,9448622
2026-01-01 11:05:00,26164.55,26174.3,26157.45,26170.5,10032948
2026-01-01 11:15:00,26169.3,26175.05,26158.5,26169.95,9885348
2026-01-01 11:25:00,26169.0,26177.75,26157.35,26160.85,9427287
2026-01-01 11:35:00,26160.65,26167.95,26142.6,26144.85,10481080
2026-01-01 11:45:00,26144.1,26149.95,26133.4,26148.25,8845356
2026-01-01 11:55:00,26147.85,26158.2,26139.35,26141.8,6589471
2026-01-01 12:05:00,26141.75,26144.5,26123.95,26125.0,11560048
2026-01-01 12:15:00,26124.35,26141.3,26113.4,26141.3,36563646
2026-01-01 12:25:00,26140.65,26155.9,26137.45,26154.45,10418143
2026-01-01 12:35:00,26153.05,26155.35,26126.85,26142.3,16141253
2026-01-01 12:45:00,26141.6,26162.55,26140.5,26150.25,13200384
2026-01-01 12:55:00,26150.35,26158.05,26147.25,26151.8,3889571
2026-01-01 13:05:00,26151.6,26158.7,26144.35,26151.45,4805689
2026-01-01 13:15:00,26150.8,26167.95,26129.7,26130.55,6136601
2026-01-01 13:25:00,26130.5,26161.35,26130.35,26146.6,7305363
2026-01-01 13:35:00,26146.85,26154.65,26137.95,26146.8,4442776
2026-01-01 13:45:00,26146.1,26161.9,26139.25,26158.4,4771297
2026-01-01 13:55:00,26159.15,26172.05,26153.2,26168.0,9071846
2026-01-01 14:05:00,26169.05,26176.2,26160.8,26168.0,15303782
2026-01-01 14:15:00,26166.85,26178.0,26154.7,26160.95,8481044
2026-01-01 14:25:00,26160.55,26164.3,26149.3,26162.5,7092990
2026-01-01 14:35:00,26162.55,26166.35,26157.9,26159.65,8744499
2026-01-01 14:45:00,26160.35,26164.0,26150.9,26155.4,10790135
2026-01-01 14:55:00,26156.05,26166.0,26137.65,26161.8,9364344
2026-01-01 15:05:00,26162.95,26168.6,26135.95,26142.85,16933627
2026-01-01 15:15:00,26142.55,26146.2,26126.8,26138.05,17263927
2026-01-01 15:25:00,26139.55,26145.15,26129.1,26140.25,8437130
2026-01-02 09:15:00,26155.1,26202.35,26118.4,26192.45,41317965
2026-01-02 09:25:00,26192.45,26216.2,26181.15,26197.65,15340047
2026-01-02 09:35:00,26199.3,26249.65,26195.9,26248.05,16044055
2026-01-02 09:45:00,26248.35,26272.85,26243.65,26268.0,10127767
2026-01-02 09:55:00,26268.3,26268.75,26246.5,26251.95,11135339
2026-01-02 10:05:00,26252.6,26255.85,26238.65,26254.65,8034201
2026-01-02 10:15:00,26254.9,26266.2,26246.65,26252.0,12433342
2026-01-02 10:25:00,26252.25,26253.85,26235.05,26240.25,9313162
2026-01-02 10:35:00,26239.9,26259.95,26239.0,26253.65,9916035
2026-01-02 10:45:00,26253.7,26267.85,26252.05,26258.3,10122594
2026-01-02 10:55:00,26258.2,26265.05,26252.7,26257.0,6770896
2026-01-02 11:05:00,26256.55,26260.1,26243.3,26254.05,8210032
2026-01-02 11:15:00,26253.3,26269.65,26252.75,26265.6,6460571
2026-01-02 11:25:00,26265.9,26286.45,26262.7,26284.55,8112731
2026-01-02 11:35:00,26284.8,26289.05,26276.7,26285.5,6758130
2026-01-02 11:45:00,26285.6,26298.7,26280.55,26294.6,6082893
2026-01-02 11:55:00,26294.65,26294.8,26275.05,26287.1,7307828
2026-01-02 12:05:00,26287.75,26291.2,26282.95,26287.6,6692441
2026-01-02 12:15:00,26287.1,26296.65,26277.0,26295.35,6688295
2026-01-02 12:25:00,26295.0,26310.9,26291.9,26309.6,6359575
2026-01-02 12:35:00,26309.75,26312.4,26302.35,26303.05,7330945
2026-01-02 12:45:00,26301.65,26304.25,26286.7,26292.5,5906516
2026-01-02 12:55:00,26291.9,26298.55,26289.1,26296.75,6767588
2026-01-02 13:05:00,26295.75,26305.9,26294.95,26302.75,5709413
2026-01-02 13:15:00,26302.55,26314.55,26301.05,26310.1,7628088
2026-01-02 13:25:00,26310.7,26311.7,26298.95,26304.45,6154567
2026-01-02 13:35:00,26306.25,26310.05,26299.8,26304.6,5723952
2026-01-02 13:45:00,26304.7,26310.95,26298.1,26305.35,5811857
2026-01-02 13:55:00,26305.2,26307.05,26295.95,26298.0,5113023
2026-01-02 14:05:00,26297.85,26306.6,26295.8,26302.8,4295489
2026-01-02 14:15:00,26302.6,26315.05,26301.75,26313.65,5522131
2026-01-02 14:25:00,26313.45,26313.45,26278.2,26285.65,6105818
2026-01-02 14:35:00,26285.15,26285.35,26267.2,26271.8,8844371
2026-01-02 14:45:00,26272.1,26288.6,26265.85,26285.8,7992924
2026-01-02 14:55:00,26286.85,26315.4,26283.8,26313.1,10787915
2026-01-02 15:05:00,26309.6,26332.15,26308.85,26324.75,13681749
2026-01-02 15:15:00,26322.7,26337.3,26319.5,26333.45,19171879
2026-01-02 15:25:00,26332.2,26340.0,26329.45,26335.7,9600628
2026-01-05 09:15:00,26333.7,26358.25,26293.25,26297.55,34150115
2026-01-05 09:25:00,26300.2,26323.25,26269.5,26272.35,17716587
2026-01-05 09:35:00,26272.6,26296.95,26263.6,26279.25,16280461
2026-01-05 09:45:00,26280.1,26311.65,26274.0,26305.0,12379722
2026-01-05 09:55:00,26305.1,26326.5,26291.6,26292.0,12251078
2026-01-05 10:05:00,26292.05,26342.3,26285.1,26339.15,10277877
2026-01-05 10:15:00,26339.1,26369.25,26337.0,26367.7,9833370
2026-01-05 10:25:00,26366.85,26373.2,26349.55,26352.6,7087994
2026-01-05 10:35:00,26353.05,26363.35,26333.95,26348.4,6824173
2026-01-05 10:45:00,26348.5,26361.35,26343.4,26356.45,6342536
2026-01-05 10:55:00,26356.05,26365.0,26346.65,26361.85,6732529
2026-01-05 11:05:00,26362.5,26363.55,26348.0,26359.25,7292402
2026-01-05 11:15:00,26358.95,26361.35,26320.4,26320.75,6656943
2026-01-05 11:25:00,26320.3,26335.3,26313.85,26319.15,6358668
2026-01-05 11:35:00,26317.55,26341.6,26315.5,26338.7,9436015
2026-01-05 11:45:00,26338.65,26341.15,26322.25,26325.75,6059833
2026-01-05 11:55:00,26325.3,26337.3,26311.5,26319.75,6205409
2026-01-05 12:05:00,26319.5,26334.85,26313.75,26333.2,4329848
2026-01-05 12:15:00,26334.2,26343.35,26329.5,26337.4,5204375
2026-01-05 12:25:00,26336.85,26342.65,26329.8,26333.95,6303657
2026-01-05 12:35:00,26333.1,26341.95,26330.45,26333.05,6480026
2026-01-05 12:45:00,26332.85,26349.35,26326.4,26343.0,6137692
2026-01-05 12:55:00,26342.9,26346.5,26328.65,26329.55,5012715
2026-01-05 13:05:00,26329.95,26330.25,26307.8,26308.75,5244399
2026-01-05 13:15:00,26308.15,26312.25,26293.7,26308.85,4960872
2026-01-05 13:25:00,26309.45,26312.9,26282.65,26288.3,5346214
2026-01-05 13:35:00,26287.15,26298.3,26279.85,26296.3,4956583
2026-01-05 13:45:00,26296.1,26296.1,26257.0,26261.5,6526081
2026-01-05 13:55:00,26262.15,26270.15,26221.95,26223.95,7496803
2026-01-05 14:05:00,26224.2,26231.1,26210.05,26226.75,7587937
2026-01-05 14:15:00,26226.8,26236.05,26210.8,26234.1,5337107
2026-01-05 14:25:00,26234.35,26248.6,26226.25,26246.5,6547833
2026-01-05 14:35:00,26246.8,26258.7,26233.8,26257.15,5860954
2026-01-05 14:45:00,26256.95,26282.85,26252.45,26273.5,7879309
2026-01-05 14:55:00,26273.25,26282.9,26263.0,26269.25,10940715
2026-01-05 15:05:00,26269.65,26269.65,26243.3,26249.25,15112684
2026-01-05 15:15:00,26249.85,26250.55,26236.05,26238.45,18144173
2026-01-05 15:25:00,26240.15,26247.95,26232.6,26244.65,8433281
2026-01-06 09:15:00,26189.7,26238.6,26144.7,26193.45,37164640
2026-01-06 09:25:00,26193.65,26224.65,26168.25,26215.05,16179428
2026-01-06 09:35:00,26217.35,26229.3,26190.65,26199.35,11739968
2026-01-06 09:45:00,26199.3,26235.05,26197.8,26228.5,8012109
2026-01-06 09:55:00,26227.65,26273.95,26227.65,26259.45,8344067
2026-01-06 10:05:00,26256.55,26258.65,26237.15,26243.25,6970692
2026-01-06 10:15:00,26242.2,26252.9,26218.1,26220.85,6935381
2026-01-06 10:25:00,26219.95,26238.5,26219.95,26231.3,6937648
2026-01-06 10:35:00,26230.9,26232.6,26201.35,26212.1,7206271
2026-01-06 10:45:00,26211.75,26220.2,26206.65,26216.6,6854885
2026-01-06 10:55:00,26216.55,26221.0,26198.1,26213.45,7205921
2026-01-06 11:05:00,26211.95,26222.15,26192.65,26194.45,5527640
2026-01-06 11:15:00,26194.8,26195.65,26141.05,26154.85,9528759
2026-01-06 11:25:00,26154.55,26176.6,26147.2,26170.75,7061924
2026-01-06 11:35:00,26170.1,26196.6,26166.1,26193.6,10341508
2026-01-06 11:45:00,26193.0,26200.2,26181.2,26192.3,6768828
2026-01-06 11:55:00,26192.5,26194.55,26162.3,26175.95,11204702
2026-01-06 12:05:00,26175.8,26176.85,26153.0,26167.65,7094646
2026-01-06 12:15:00,26167.5,26169.8,26150.7,26152.7,6361419
2026-01-06 12:25:00,26152.4,26166.6,26150.15,26163.0,5450977
2026-01-06 12:35:00,26163.0,26169.8,26159.65,26163.7,5253682
2026-01-06 12:45:00,26163.75,26170.95,26156.2,26168.75,5340205
2026-01-06 12:55:00,26169.3,26186.8,26169.05,26177.2,4993240
2026-01-06 13:05:00,26176.05,26195.0,26172.5,26174.7,5601971
2026-01-06 13:15:00,26173.95,26174.7,26160.3,26163.2,5374445
2026-01-06 13:25:00,26162.65,26165.5,26147.15,26156.25,6037519
2026-01-06 13:35:00,26156.35,26164.35,26152.2,26164.1,5315369
2026-01-06 13:45:00,26163.65,26179.7,26150.15,26154.55,24163323
2026-01-06 13:55:00,26153.65,26172.3,26149.75,26152.9,12300765
2026-01-06 14:05:00,26153.15,26162.65,26125.8,26133.15,10175741
2026-01-06 14:15:00,26133.25,26142.4,26125.3,26141.1,11712077
2026-01-06 14:25:00,26140.3,26150.95,26137.25,26144.5,8707281
2026-01-06 14:35:00,26144.6,26153.85,26124.75,26149.7,10356995
2026-01-06 14:45:00,26149.8,26169.8,26147.65,26156.75,10020974
2026-01-06 14:55:00,26157.15,26182.85,26155.15,26178.5,12556488
2026-01-06 15:05:00,26177.8,26187.7,26166.45,26175.95,16723003
2026-01-06 15:15:00,26175.0,26186.1,26172.1,26183.2,22980375
2026-01-06 15:25:00,26184.9,26186.5,26170.85,26174.65,9240218
2026-01-07 09:15:00,26143.1,26166.0,26104.3,26154.6,24617748
2026-01-07 09:25:00,26154.6,26155.65,26113.95,26133.3,10815044
2026-01-07 09:35:00,26134.0,26150.95,26106.15,26108.2,9802136
2026-01-07 09:45:00,26108.1,26125.55,26096.65,26108.05,8175520
2026-01-07 09:55:00,26108.65,26153.3,26107.1,26146.15,12152891
2026-01-07 10:05:00,26146.25,26168.2,26139.3,26167.25,9417093
2026-01-07 10:15:00,26167.75,26187.15,26150.15,26151.5,7854271
2026-01-07 10:25:00,26152.25,26155.45,26129.6,26131.45,7403582
2026-01-07 10:35:00,26131.5,26145.25,26125.2,26141.9,5310444
2026-01-07 10:45:00,26142.4,26167.95,26133.8,26165.85,6101425
2026-01-07 10:55:00,26166.35,26179.75,26155.6,26179.05,7393484
2026-01-07 11:05:00,26179.7,26184.75,26150.55,26151.6,9188144
2026-01-07 11:15:00,26151.7,26155.5,26131.8,26138.85,9458741
2026-01-07 11:25:00,26139.1,26162.15,26138.35,26158.15,18324499
2026-01-07 11:35:00,26159.55,26166.45,26140.8,26143.2,7122241
2026-01-07 11:45:00,26143.8,26144.35,26121.45,26121.45,6047137
2026-01-07 11:55:00,26122.55,26130.6,26112.15,26115.2,5678146
2026-01-07 12:05:00,26115.7,26118.15,26106.2,26112.1,5190367
2026-01-07 12:15:00,26112.55,26115.55,26099.3,26103.6,6281658
2026-01-07 12:25:00,26104.0,26112.1,26096.45,26106.25,8052057
2026-01-07 12:35:00,26106.55,26108.45,26078.55,26083.25,4933294
2026-01-07 12:45:00,26083.45,26089.8,26077.0,26086.4,5026440
2026-01-07 12:55:00,26087.55,26109.05,26086.85,26107.0,6172843
2026-01-07 13:05:00,26107.45,26114.0,26100.65,26102.9,5654685
2026-01-07 13:15:00,26103.25,26104.85,26089.8,26089.8,5843824
2026-01-07 13:25:00,26090.25,26091.65,26068.7,26071.1,8091403
2026-01-07 13:35:00,26071.75,26084.95,26067.9,26076.1,8878702
2026-01-07 13:45:00,26076.6,26086.2,26070.7,26081.2,6690116
2026-01-07 13:55:00,26081.8,26100.0,26078.05,26099.15,5464391
2026-01-07 14:05:00,26099.45,26106.15,26093.25,26098.85,5601219
2026-01-07 14:15:00,26099.25,26099.55,26084.0,26088.15,6319371
2026-01-07 14:25:00,26088.75,26099.85,26083.2,26087.2,5980980
2026-01-07 14:35:00,26089.6,26111.45,26086.75,26109.0,6462018
2026-01-07 14:45:00,26109.35,26121.3,26094.1,26119.25,9746935
2026-01-07 14:55:00,26119.2,26135.35,26111.65,26128.4,13807265
2026-01-07 15:05:00,26128.4,26152.95,26128.4,26151.8,17280823
2026-01-07 15:15:00,26153.4,26153.6,26133.75,26137.45,20801466
2026-01-07 15:25:00,26138.1,26149.15,26136.05,26142.9,9087622
2026-01-08 09:15:00,26106.5,26133.2,26074.85,26096.75,23219030
2026-01-08 09:25:00,26096.6,26097.0,26049.85,26060.7,10878157
2026-01-08 09:35:00,26060.8,26103.35,26053.25,26090.7,11290097
2026-01-08 09:45:00,26090.65,26099.1,26066.2,26096.75,9694542
2026-01-08 09:55:00,26096.65,26098.65,26064.75,26066.05,15840750
2026-01-08 10:05:00,26065.9,26072.05,26047.9,26061.15,9037589
2026-01-08 10:15:00,26061.8,26062.0,26026.15,26034.8,5763937
2026-01-08 10:25:00,26035.5,26041.85,26029.15,26037.8,8301079
2026-01-08 10:35:00,26038.5,26042.55,26025.0,26031.6,6719507
2026-01-08 10:45:00,26031.85,26035.75,26013.4,26021.55,7697965
2026-01-08 10:55:00,26021.75,26024.5,26006.4,26016.8,8610560
2026-01-08 11:05:00,26016.3,26016.65,26000.95,26003.8,8244007
2026-01-08 11:15:00,26001.65,26008.2,25967.8,25969.0,8283288
2026-01-08 11:25:00,25970.1,25976.15,25961.8,25968.45,6780774
2026-01-08 11:35:00,25968.15,25988.6,25968.15,25974.15,7059673
2026-01-08 11:45:00,25974.2,25978.5,25954.35,25960.35,7556347
2026-01-08 11:55:00,25960.6,25962.1,25916.45,25917.45,7065865
2026-01-08 12:05:00,25916.55,25935.75,25884.15,25933.75,7749464
2026-01-08 12:15:00,25934.0,25945.4,25919.9,25923.3,6348681
2026-01-08 12:25:00,25922.7,25941.5,25916.15,25917.9,6154671
2026-01-08 12:35:00,25917.9,25929.95,25912.25,25924.45,6332465
2026-01-08 12:45:00,25924.75,25926.0,25903.15,25914.75,6784760
2026-01-08 12:55:00,25915.25,25924.0,25900.75,25923.75,5133631
2026-01-08 13:05:00,25923.65,25928.5,25912.75,25926.1,4627562
2026-01-08 13:15:00,25925.25,25928.2,25906.65,25909.75,4785184
2026-01-08 13:25:00,25910.05,25913.15,25886.4,25902.25,5697506
2026-01-08 13:35:00,25902.5,25911.2,25898.2,25907.6,5684590
2026-01-08 13:45:00,25907.3,25928.6,25905.2,25921.0,6034617
2026-01-08 13:55:00,25921.4,25941.7,25920.3,25928.1,5914767
2026-01-08 14:05:00,25928.15,25942.2,25915.4,25926.95,7038613
2026-01-08 14:15:00,25926.3,25946.2,25925.4,25927.3,5674431
2026-01-08 14:25:00,25927.2,25936.85,25900.45,25932.5,8644539
2026-01-08 14:35:00,25932.95,25940.95,25919.9,25928.2,5903266
2026-01-08 14:45:00,25928.55,25940.2,25916.8,25920.5,7730588
2026-01-08 14:55:00,25919.95,25923.6,25868.15,25868.45,12548024
2026-01-08 15:05:00,25868.45,25884.35,25860.2,25878.05,16764930
2026-01-08 15:15:00,25878.05,25882.15,25863.6,25875.8,20192294
2026-01-08 15:25:00,25873.95,25877.55,25858.45,25868.9,9062125
2026-01-09 09:15:00,25840.4,25940.6,25840.2,25862.35,23921001
2026-01-09 09:25:00,25862.3,25873.1,25820.8,25837.15,16666481
2026-01-09 09:35:00,25836.05,25876.7,25818.35,25876.7,18794844
2026-01-09 09:45:00,25876.85,25897.65,25849.65,25877.3,10944189
2026-01-09 09:55:00,25877.8,25901.95,25861.55,25872.55,7796632
2026-01-09 10:05:00,25875.05,25886.05,25850.35,25856.6,21194596
2026-01-09 10:15:00,25858.0,25881.35,25854.1,25870.45,5608106
2026-01-09 10:25:00,25871.9,25896.85,25852.25,25853.1,6757008
2026-01-09 10:35:00,25853.15,25864.15,25838.55,25856.45,5006822
2026-01-09 10:45:00,25856.85,25868.4,25827.25,25831.65,6183827
2026-01-09 10:55:00,25831.2,25834.2,25806.0,25810.65,6430347
2026-01-09 11:05:00,25811.0,25824.3,25798.8,25799.0,6821716
2026-01-09 11:15:00,25800.15,25807.55,25790.95,25792.75,6245126
2026-01-09 11:25:00,25793.15,25821.65,25791.65,25791.75,5754823
2026-01-09 11:35:00,25791.55,25791.55,25753.7,25755.35,6982453
2026-01-09 11:45:00,25754.95,25761.7,25735.15,25741.75,6018123
2026-01-09 11:55:00,25742.6,25757.2,25737.3,25756.05,4762089
2026-01-09 12:05:00,25756.05,25761.75,25734.1,25739.35,5374861
2026-01-09 12:15:00,25740.45,25756.65,25730.45,25731.1,6746511
2026-01-09 12:25:00,25731.75,25738.55,25713.6,25718.65,6023398
2026-01-09 12:35:00,25718.0,25718.0,25674.5,25689.15,7829196
2026-01-09 12:45:00,25688.95,25698.8,25665.15,25692.9,9244486
2026-01-09 12:55:00,25691.9,25699.45,25680.65,25689.25,17666952
2026-01-09 13:05:00,25688.55,25698.3,25683.25,25691.05,5517429
2026-01-09 13:15:00,25690.85,25716.35,25685.25,25702.35,5111448
2026-01-09 13:25:00,25702.45,25710.8,25688.1,25694.7,6630581
2026-01-09 13:35:00,25695.85,25730.4,25681.3,25683.8,6195881
2026-01-09 13:45:00,25684.9,25691.95,25666.4,25671.65,7900874
2026-01-09 13:55:00,25671.7,25692.95,25664.85,25682.6,5720296
2026-01-09 14:05:00,25683.1,25689.25,25658.75,25660.15,6162357
2026-01-09 14:15:00,25662.85,25675.85,25654.6,25660.1,6877498
2026-01-09 14:25:00,25662.1,25673.75,25648.4,25661.25,7095486
2026-01-09 14:35:00,25662.15,25670.65,25623.0,25657.3,9335428
2026-01-09 14:45:00,25658.75,25673.15,25657.25,25669.75,9049362
2026-01-09 14:55:00,25672.05,25684.6,25661.05,25679.45,11987717
2026-01-09 15:05:00,25679.45,25703.0,25676.9,25695.05,13686361
2026-01-09 15:15:00,25694.15,25697.35,25677.05,25685.85,17779644
2026-01-09 15:25:00,25685.85,25703.7,25681.5,25703.7,9358222
2026-01-12 09:15:00,25669.05,25700.95,25554.9,25559.8,16597763
2026-01-12 09:25:00,25558.85,25579.15,25529.05,25568.75,11338486
2026-01-12 09:35:00,25569.1,25597.1,25543.65,25557.6,12455582
2026-01-12 09:45:00,25558.4,25608.55,25546.0,25589.9,7735082
2026-01-12 09:55:00,25590.1,25601.15,25557.45,25589.7,6466693
2026-01-12 10:05:00,25588.95,25596.25,25556.4,25556.9,5516838
2026-01-12 10:15:00,25557.35,25591.65,25545.95,25585.45,5899228
2026-01-12 10:25:00,25585.15,25598.2,25566.4,25570.95,5197016
2026-01-12 10:35:00,25570.9,25575.25,25558.25,25563.15,5532941
2026-01-12 10:45:00,25561.8,25582.65,25538.8,25556.7,5718995
2026-01-12 10:55:00,25556.35,25561.85,25541.25,25547.35,4801248
2026-01-12 11:05:00,25547.15,25549.45,25529.55,25532.85,5614242
2026-01-12 11:15:00,25531.9,25532.95,25503.05,25507.35,5872797
2026-01-12 11:25:00,25507.75,25517.05,25473.4,25475.0,6917822
2026-01-12 11:35:00,25475.65,25493.2,25473.4,25480.6,6178267
2026-01-12 11:45:00,25481.45,25499.95,25474.5,25492.15,5225144
2026-01-12 11:55:00,25491.3,25516.95,25491.25,25501.0,6099606
2026-01-12 12:05:00,25501.1,25578.9,25500.75,25578.3,6738585
2026-01-12 12:15:00,25577.5,25667.5,25566.25,25644.85,9570214
2026-01-12 12:25:00,25642.55,25702.8,25634.9,25697.5,8858214
2026-01-12 12:35:00,25696.95,25737.25,25676.1,25723.05,8575453
2026-01-12 12:45:00,25723.35,25738.4,25710.6,25726.5,7512463
2026-01-12 12:55:00,25725.95,25728.3,25673.1,25699.4,6315335
2026-01-12 13:05:00,25698.85,25726.55,25698.25,25722.3,6181235
2026-01-12 13:15:00,25721.8,25728.25,25694.6,25706.65,5550842
2026-01-12 13:25:00,25704.3,25746.5,25687.25,25745.25,5772566
2026-01-12 13:35:00,25745.4,25757.9,25727.6,25730.45,5337299
2026-01-12 13:45:00,25730.55,25746.6,25727.4,25746.35,5494672
2026-01-12 13:55:00,25745.7,25748.5,25715.1,25730.25,5468037
2026-01-12 14:05:00,25730.35,25743.65,25726.1,25728.45,5390490
2026-01-12 14:15:00,25727.95,25766.45,25727.0,25763.55,5391673
2026-01-12 14:25:00,25763.35,25770.9,25730.9,25733.0,5521199
2026-01-12 14:35:00,25732.95,25763.7,25704.65,25760.8,6598728
2026-01-12 14:45:00,25760.35,25795.0,25755.2,25787.85,6776034
2026-01-12 14:55:00,25787.2,25813.15,25778.05,25783.85,9140650
2026-01-12 15:05:00,25783.8,25791.15,25775.1,25778.5,10487990
2026-01-12 15:15:00,25778.3,25798.05,25778.3,25797.25,12815911
2026-01-12 15:25:00,25797.25,25807.95,25792.8,25806.1,7745711
2026-01-13 09:15:00,25897.35,25899.8,25813.75,25836.3,26455636
2026-01-13 09:25:00,25836.75,25836.75,25731.55,25745.35,14912047
2026-01-13 09:35:00,25744.7,25756.0,25709.85,25730.2,10502160
2026-01-13 09:45:00,25732.4,25789.75,25730.55,25743.4,11202211
2026-01-13 09:55:00,25744.0,25751.8,25700.85,25749.6,8065234
2026-01-13 10:05:00,25748.6,25771.0,25736.35,25738.1,5799377
2026-01-13 10:15:00,25738.9,25774.45,25726.1,25759.15,6953614
2026-01-13 10:25:00,25761.05,25827.05,25757.45,25806.2,8190425
2026-01-13 10:35:00,25805.45,25809.2,25750.2,25767.7,6165946
2026-01-13 10:45:00,25766.9,25799.6,25754.95,25772.15,9354642
2026-01-13 10:55:00,25771.85,25788.6,25759.65,25773.3,6776462
2026-01-13 11:05:00,25773.85,25799.55,25766.45,25788.6,6073356
2026-01-13 11:15:00,25788.0,25795.9,25775.7,25781.25,4734172
2026-01-13 11:25:00,25780.15,25813.5,25780.15,25808.45,5081973
2026-01-13 11:35:00,25808.45,25819.3,25786.75,25789.7,4836071
2026-01-13 11:45:00,25788.45,25790.4,25753.65,25763.1,6177369
2026-01-13 11:55:00,25762.15,25782.6,25739.05,25741.75,9304655
2026-01-13 12:05:00,25741.3,25745.95,25712.95,25713.7,10136612
2026-01-13 12:15:00,25712.8,25730.85,25703.85,25705.5,6998878
2026-01-13 12:25:00,25705.4,25734.4,25704.65,25708.0,5697742
2026-01-13 12:35:00,25708.8,25724.85,25687.95,25704.05,6161989
2026-01-13 12:45:00,25704.25,25707.6,25654.65,25665.45,5628135
2026-01-13 12:55:00,25665.15,25667.8,25627.4,25641.65,5214059
2026-01-13 13:05:00,25641.15,25670.3,25630.7,25658.45,4944263
2026-01-13 13:15:00,25658.2,25676.8,25639.6,25673.2,4655527
2026-01-13 13:25:00,25672.4,25675.3,25649.45,25671.35,5353209
2026-01-13 13:35:00,25670.6,25681.2,25647.65,25676.15,5335982
2026-01-13 13:45:00,25675.25,25686.65,25661.25,25671.45,5659305
2026-01-13 13:55:00,25671.55,25672.35,25644.8,25647.05,6210127
2026-01-13 14:05:00,25645.45,25651.55,25620.95,25636.55,6947180
2026-01-13 14:15:00,25636.25,25649.05,25614.6,25615.25,8410832
2026-01-13 14:25:00,25614.9,25662.9,25603.3,25640.25,10088471
2026-01-13 14:35:00,25639.6,25702.3,25634.8,25692.65,11243267
2026-01-13 14:45:00,25692.9,25722.75,25687.8,25713.9,11957825
2026-01-13 14:55:00,25715.05,25757.15,25690.8,25706.2,18043629
2026-01-13 15:05:00,25705.95,25751.95,25705.3,25737.4,19770457
2026-01-13 15:15:00,25738.85,25749.65,25719.6,25731.0,18441954
2026-01-13 15:25:00,25731.3,25736.8,25710.45,25714.2,8968369
2026-01-14 09:15:00,25648.55,25742.3,25638.35,25705.15,22505967
2026-01-14 09:25:00,25705.15,25750.45,25704.15,25734.2,13716430
2026-01-14 09:35:00,25733.95,25746.6,25703.15,25706.65,12756035
2026-01-14 09:45:00,25704.9,25743.6,25674.4,25742.45,11498827
2026-01-14 09:55:00,25743.0,25761.5,25710.15,25717.25,11099656
2026-01-14 10:05:00,25715.65,25723.85,25692.65,25696.8,12411515
2026-01-14 10:15:00,25697.9,25703.75,25661.35,25676.1,11547434
2026-01-14 10:25:00,25676.6,25691.85,25662.25,25686.6,10754399
2026-01-14 10:35:00,25686.95,25718.9,25669.7,25675.0,12399529
2026-01-14 10:45:00,25674.95,25705.35,25662.0,25703.65,7808958
2026-01-14 10:55:00,25704.55,25736.0,25700.35,25733.15,10016232
2026-01-14 11:05:00,25733.8,25737.9,25713.45,25726.25,7571093
2026-01-14 11:15:00,25723.7,25754.95,25720.3,25737.5,13101701
2026-01-14 11:25:00,25737.9,25775.8,25732.7,25769.0,11819770
2026-01-14 11:35:00,25769.1,25777.35,25758.85,25761.15,9005759
2026-01-14 11:45:00,25760.95,25786.05,25759.4,25776.5,6284641
2026-01-14 11:55:00,25775.7,25791.75,25771.95,25786.95,7030171
2026-01-14 12:05:00,25786.3,25788.25,25742.2,25743.35,7384674
2026-01-14 12:15:00,25743.7,25774.9,25734.5,25767.75,6863324
2026-01-14 12:25:00,25767.9,25773.65,25751.5,25765.15,7236959
2026-01-14 12:35:00,25765.1,25780.9,25751.85,25753.45,5914490
2026-01-14 12:45:00,25753.5,25769.45,25741.15,25747.85,5297832
2026-01-14 12:55:00,25747.65,25754.05,25736.05,25740.5,5095951
2026-01-14 13:05:00,25740.45,25761.5,25740.45,25747.15,5549827
2026-01-14 13:15:00,25746.75,25757.3,25716.95,25717.15,6714482
2026-01-14 13:25:00,25716.9,25728.8,25699.75,25700.35,5823786
2026-01-14 13:35:00,25699.75,25709.35,25658.8,25659.35,7417557
2026-01-14 13:45:00,25659.85,25670.85,25638.95,25638.95,8197592
2026-01-14 13:55:00,25639.65,25656.9,25631.2,25638.15,6663498
2026-01-14 14:05:00,25637.75,25664.1,25632.2,25663.2,7188250
2026-01-14 14:15:00,25663.25,25669.75,25610.45,25610.85,10604114
2026-01-14 14:25:00,25610.2,25638.05,25603.95,25636.4,8411820
2026-01-14 14:35:00,25635.95,25680.3,25627.5,25676.65,11614674
2026-01-14 14:45:00,25676.4,25715.65,25676.4,25695.85,14546203
2026-01-14 14:55:00,25696.95,25703.8,25649.4,25684.95,14829451
2026-01-14 15:05:00,25686.25,25694.1,25650.8,25652.85,20804210
2026-01-14 15:15:00,25655.25,25675.95,25648.3,25675.55,23064816
2026-01-14 15:25:00,25675.8,25677.4,25662.6,25669.1,10012776
2026-01-16 09:15:00,25696.05,25743.25,25678.4,25714.1,43748515
2026-01-16 09:25:00,25714.3,25732.5,25686.55,25708.75,19158304
2026-01-16 09:35:00,25707.25,25727.5,25683.8,25725.75,14348293
2026-01-16 09:45:00,25726.2,25755.85,25715.2,25752.2,13646312
2026-01-16 09:55:00,25753.7,25765.55,25736.8,25761.35,10847156
2026-01-16 10:05:00,25760.95,25789.5,25749.15,25784.95,10104830
2026-01-16 10:15:00,25784.2,25854.65,25783.9,25848.05,12679329
2026-01-16 10:25:00,25848.0,25865.65,25842.05,25852.25,10356579
2026-01-16 10:35:00,25852.65,25873.5,25839.75,25844.55,9355269
2026-01-16 10:45:00,25844.8,25863.9,25837.85,25838.05,8016689
2026-01-16 10:55:00,25837.65,25845.15,25824.2,25824.35,9136325
2026-01-16 11:05:00,25823.9,25837.05,25801.85,25812.5,9693877
2026-01-16 11:15:00,25812.4,25823.4,25800.95,25806.1,7738559
2026-01-16 11:25:00,25805.7,25830.65,25801.25,25810.35,7388955
2026-01-16 11:35:00,25810.0,25814.6,25797.15,25798.45,8461488
2026-01-16 11:45:00,25798.65,25799.45,25783.35,25791.95,7559320
2026-01-16 11:55:00,25792.1,25797.35,25770.25,25790.6,8271490
2026-01-16 12:05:00,25790.6,25826.6,25789.25,25824.65,9337910
2026-01-16 12:15:00,25823.95,25829.2,25806.2,25810.85,6813025
2026-01-16 12:25:00,25810.3,25812.95,25737.8,25770.75,10906171
2026-01-16 12:35:00,25770.9,25774.6,25753.9,25759.55,7325865
2026-01-16 12:45:00,25759.5,25766.95,25738.1,25766.4,7495866
2026-01-16 12:55:00,25767.85,25767.85,25719.45,25727.2,8702909
2026-01-16 13:05:00,25726.55,25730.95,25704.1,25717.05,6420994
2026-01-16 13:15:00,25717.75,25723.1,25692.65,25695.75,5882268
2026-01-16 13:25:00,25695.65,25719.75,25662.4,25702.3,8782531
2026-01-16 13:35:00,25702.15,25707.95,25683.8,25696.35,9447815
2026-01-16 13:45:00,25697.15,25717.1,25676.5,25686.25,6497035
2026-01-16 13:55:00,25687.2,25693.8,25674.35,25680.45,5885951
2026-01-16 14:05:00,25680.6,25697.55,25667.4,25688.05,6738504
2026-01-16 14:15:00,25687.65,25705.8,25671.7,25699.1,8277615
2026-01-16 14:25:00,25699.15,25710.6,25684.15,25701.7,8514003
2026-01-16 14:35:00,25701.25,25720.45,25680.7,25710.2,11342178
2026-01-16 14:45:00,25711.05,25716.15,25687.5,25696.15,10173552
2026-01-16 14:55:00,25696.25,25711.9,25693.55,25697.3,16080147
2026-01-16 15:05:00,25698.2,25699.35,25682.45,25682.45,22108402
2026-01-16 15:15:00,25682.85,25705.7,25681.6,25700.0,24984287
2026-01-16 15:25:00,25700.65,25710.75,25691.15,25701.9,11256585
2026-01-19 09:15:00,25653.1,25653.3,25528.3,25577.25,46621240
2026-01-19 09:25:00,25575.7,25592.3,25532.35,25588.0,22596388
2026-01-19 09:35:00,25586.6,25596.3,25547.75,25565.6,17017989
2026-01-19 09:45:00,25564.75,25585.0,25545.8,25548.4,18279494
2026-01-19 09:55:00,25547.05,25559.55,25507.2,25515.45,11807976
2026-01-19 10:05:00,25515.6,25539.1,25504.85,25527.9,13131515
2026-01-19 10:15:00,25526.55,25547.6,25524.1,25540.65,12106317
2026-01-19 10:25:00,25540.75,25540.75,25496.25,25509.8,10105745
2026-01-19 10:35:00,25509.25,25520.2,25494.35,25513.55,7740468
2026-01-19 10:45:00,25513.85,25525.8,25511.9,25519.65,9018818
2026-01-19 10:55:00,25519.2,25564.2,25519.2,25556.6,7845506
2026-01-19 11:05:00,25556.35,25562.5,25526.5,25538.4,8558304
2026-01-19 11:15:00,25538.15,25538.4,25508.7,25517.55,8413710
2026-01-19 11:25:00,25518.5,25524.3,25510.75,25521.4,9960111
2026-01-19 11:35:00,25521.45,25547.0,25517.1,25545.9,8894018
2026-01-19 11:45:00,25546.05,25549.9,25534.05,25546.95,6316233
2026-01-19 11:55:00,25547.55,25547.55,25517.5,25520.45,7016379
2026-01-19 12:05:00,25520.3,25532.75,25512.75,25532.65,7430082
2026-01-19 12:15:00,25532.4,25556.25,25527.35,25531.15,7945740
2026-01-19 12:25:00,25530.45,25532.55,25518.35,25526.2,8489208
2026-01-19 12:35:00,25525.75,25528.05,25511.45,25527.0,8185483
2026-01-19 12:45:00,25526.95,25546.05,25510.65,25543.9,11855902
2026-01-19 12:55:00,25543.8,25555.3,25541.6,25553.25,8549063
2026-01-19 13:05:00,25553.4,25565.25,25522.65,25534.65,7933518
2026-01-19 13:15:00,25533.4,25547.35,25525.0,25533.8,6401719
2026-01-19 13:25:00,25533.05,25550.4,25522.35,25550.25,6040065
2026-01-19 13:35:00,25548.75,25564.8,25543.2,25549.9,14228724
2026-01-19 13:45:00,25548.25,25604.9,25540.8,25595.0,12918588
2026-01-19 13:55:00,25595.2,25621.4,25592.85,25617.6,8808609
2026-01-19 14:05:00,25617.5,25630.65,25587.0,25590.3,8743522
2026-01-19 14:15:00,25589.65,25615.35,25586.5,25608.3,6931711
2026-01-19 14:25:00,25607.35,25610.35,25588.8,25604.35,6686936
2026-01-19 14:35:00,25603.9,25621.7,25597.6,25614.9,9567152
2026-01-19 14:45:00,25614.65,25636.25,25613.25,25627.0,11612902
2026-01-19 14:55:00,25625.95,25636.3,25605.1,25613.85,19703392
2026-01-19 15:05:00,25613.65,25613.65,25585.7,25591.15,15791958
2026-01-19 15:15:00,25592.25,25594.1,25553.65,25561.9,18302656
2026-01-19 15:25:00,25561.6,25564.7,25545.4,25555.5,8234847
2026-01-20 09:15:00,25580.3,25585.0,25510.5,25514.35,23946873
2026-01-20 09:25:00,25514.95,25520.95,25483.15,25495.55,15801280
2026-01-20 09:35:00,25496.6,25499.05,25453.85,25467.5,13207431
2026-01-20 09:45:00,25468.95,25478.05,25433.4,25434.1,10412983
2026-01-20 09:55:00,25435.4,25476.05,25432.6,25469.9,10932235
2026-01-20 10:05:00,25473.2,25489.5,25461.75,25468.7,8878764
2026-01-20 10:15:00,25471.65,25500.45,25457.35,25483.8,12024500
2026-01-20 10:25:00,25484.5,25491.75,25471.7,25477.8,8393935
2026-01-20 10:35:00,25479.1,25504.0,25472.65,25482.45,12391892
2026-01-20 10:45:00,25483.45,25491.85,25463.55,25470.5,6254096
2026-01-20 10:55:00,25471.2,25471.8,25451.25,25458.55,8524444
2026-01-20 11:05:00,25459.35,25459.35,25446.25,25449.6,7321970
2026-01-20 11:15:00,25450.6,25472.1,25443.85,25453.9,8112454
2026-01-20 11:25:00,25453.5,25468.2,25446.2,25457.6,5191865
2026-01-20 11:35:00,25457.6,25472.9,25456.25,25469.7,5420768
2026-01-20 11:45:00,25470.95,25492.5,25461.7,25488.95,7867085
2026-01-20 11:55:00,25489.15,25489.15,25454.1,25454.95,8147587
2026-01-20 12:05:00,25456.45,25456.45,25427.25,25437.35,9639562
2026-01-20 12:15:00,25439.05,25444.45,25421.1,25427.75,11482443
2026-01-20 12:25:00,25429.05,25439.35,25420.55,25426.7,5847289
2026-01-20 12:35:00,25427.15,25431.75,25409.0,25409.75,7303837
2026-01-20 12:45:00,25411.95,25434.95,25405.1,25429.25,7500539
2026-01-20 12:55:00,25429.65,25436.9,25421.3,25424.15,5292198
2026-01-20 13:05:00,25424.9,25428.2,25414.25,25415.95,9108054
2026-01-20 13:15:00,25416.3,25436.15,25410.55,25420.15,5692587
2026-01-20 13:25:00,25421.25,25426.55,25394.75,25396.2,7005764
2026-01-20 13:35:00,25398.15,25398.15,25361.45,25372.45,9131994
2026-01-20 13:45:00,25372.75,25376.0,25360.25,25369.4,6486541
2026-01-20 13:55:00,25370.25,25389.2,25349.55,25379.2,10707824
2026-01-20 14:05:00,25379.25,25379.25,25347.55,25360.75,9564319
2026-01-20 14:15:00,25361.45,25376.75,25352.95,25366.55,9847062
2026-01-20 14:25:00,25366.0,25394.1,25362.4,25379.15,8681440
2026-01-20 14:35:00,25381.3,25384.45,25332.95,25344.15,13580381
2026-01-20 14:45:00,25344.65,25355.25,25326.35,25336.4,9390398
2026-01-20 14:55:00,25337.35,25342.8,25265.3,25277.7,20737451
2026-01-20 15:05:00,25277.7,25290.7,25213.85,25217.05,27417945
2026-01-20 15:15:00,25217.05,25239.3,25177.2,25180.55,27997942
2026-01-20 15:25:00,25178.1,25230.35,25171.35,25225.35,13033095
2026-01-21 09:15:00,25141.0,25277.75,25130.15,25221.4,27468526
2026-01-21 09:25:00,25222.65,25254.6,25199.0,25242.85,18071390
2026-01-21 09:35:00,25242.1,25251.3,25187.9,25199.45,15730258
2026-01-21 09:45:00,25199.65,25212.3,25168.05,25177.55,11918673
2026-01-21 09:55:00,25178.3,25207.25,25143.6,25159.55,9397288
2026-01-21 10:05:00,25159.6,25178.95,25137.95,25153.25,9346477
2026-01-21 10:15:00,25153.8,25159.1,25105.25,25105.85,8144869
2026-01-21 10:25:00,25107.5,25120.5,25085.2,25095.9,11062572
2026-01-21 10:35:00,25095.6,25100.3,25026.2,25029.0,10503315
2026-01-21 10:45:00,25029.1,25030.8,24967.6,24969.45,11879930
2026-01-21 10:55:00,24969.05,25009.45,24919.8,24994.55,13698386
2026-01-21 11:05:00,24994.2,25070.1,24975.0,25054.75,9549484
2026-01-21 11:15:00,25055.4,25077.2,25036.6,25059.0,11735422
2026-01-21 11:25:00,25058.3,25071.2,25024.45,25043.65,7371781
2026-01-21 11:35:00,25043.95,25061.55,25035.6,25040.05,6174558
2026-01-21 11:45:00,25041.0,25080.25,25040.9,25059.9,5891011
2026-01-21 11:55:00,25061.35,25124.1,25048.75,25116.65,6858344
2026-01-21 12:05:00,25115.6,25136.15,25103.3,25136.15,9087470
2026-01-21 12:15:00,25135.15,25187.9,25122.65,25185.85,9682261
2026-01-21 12:25:00,25184.35,25189.3,25118.5,25185.45,8976364
2026-01-21 12:35:00,25185.45,25245.85,25183.6,25226.7,11455720
2026-01-21 12:45:00,25225.9,25294.4,25225.1,25282.9,11359742
2026-01-21 12:55:00,25282.5,25300.95,25256.0,25287.15,8571370
2026-01-21 13:05:00,25286.85,25293.7,25221.5,25237.45,8665146
2026-01-21 13:15:00,25237.6,25242.4,25196.05,25212.5,7821348
2026-01-21 13:25:00,25212.4,25219.9,25177.05,25183.6,5925433
2026-01-21 13:35:00,25182.4,25238.25,25173.35,25195.7,10143395
2026-01-21 13:45:00,25195.15,25208.9,25160.6,25168.85,7420756
2026-01-21 13:55:00,25169.2,25170.2,25136.35,25148.25,6013062
2026-01-21 14:05:00,25149.05,25160.3,25132.85,25136.7,6158392
2026-01-21 14:15:00,25137.45,25202.05,25129.8,25152.2,7129740
2026-01-21 14:25:00,25151.95,25166.4,25119.85,25162.85,5904449
2026-01-21 14:35:00,25163.0,25163.75,25135.0,25150.1,7765763
2026-01-21 14:45:00,25149.0,25164.05,25142.65,25153.95,7704684
2026-01-21 14:55:00,25153.2,25177.8,25135.35,25177.5,11789981
2026-01-21 15:05:00,25178.45,25182.5,25144.75,25155.0,17303705
2026-01-21 15:15:00,25155.2,25162.2,25140.55,25152.8,17737492
2026-01-21 15:25:00,25152.05,25171.7,25145.8,25168.1,10014877
2026-01-22 09:15:00,25344.15,25355.6,25302.45,25338.0,62915253
2026-01-22 09:25:00,25336.85,25417.25,25327.35,25406.65,24406017
2026-01-22 09:35:00,25408.5,25425.7,25387.0,25395.95,17428306
2026-01-22 09:45:00,25395.05,25435.75,25390.2,25396.45,14246929
2026-01-22 09:55:00,25395.35,25411.65,25363.3,25375.7,11708531
2026-01-22 10:05:00,25374.95,25399.05,25364.45,25376.0,12304821
2026-01-22 10:15:00,25376.5,25388.55,25326.25,25347.8,13679615
2026-01-22 10:25:00,25348.55,25348.8,25245.25,25310.85,15515016
2026-01-22 10:35:00,25311.2,25332.5,25284.65,25295.35,8364175
2026-01-22 10:45:00,25294.85,25298.45,25255.1,25270.95,9971430
2026-01-22 10:55:00,25272.2,25276.7,25216.8,25230.65,8237976
2026-01-22 11:05:00,25230.45,25234.95,25201.9,25215.75,8717770
2026-01-22 11:15:00,25215.95,25265.25,25211.25,25253.7,9082484
2026-01-22 11:25:00,25253.3,25280.55,25232.2,25248.75,8580615
2026-01-22 11:35:00,25248.35,25259.15,25197.8,25206.85,9180261
2026-01-22 11:45:00,25205.9,25226.4,25177.85,25202.45,7348632
2026-01-22 11:55:00,25202.25,25211.35,25183.3,25207.05,8173003
2026-01-22 12:05:00,25207.05,25241.5,25207.05,25237.1,8273941
2026-01-22 12:15:00,25237.15,25277.5,25216.05,25242.4,8653435
2026-01-22 12:25:00,25242.55,25265.75,25236.55,25264.55,7446991
2026-01-22 12:35:00,25263.75,25271.3,25210.45,25244.95,11056213
2026-01-22 12:45:00,25244.75,25262.5,25228.95,25229.1,9613333
2026-01-22 12:55:00,25228.0,25228.5,25190.95,25217.45,6870085
2026-01-22 13:05:00,25217.15,25222.05,25190.45,25191.95,6557033
2026-01-22 13:15:00,25192.05,25208.3,25171.25,25197.15,8113829
2026-01-22 13:25:00,25196.2,25215.85,25169.4,25215.05,7988692
2026-01-22 13:35:00,25214.7,25227.55,25184.15,25204.55,8348200
2026-01-22 13:45:00,25204.05,25239.6,25187.05,25233.4,8352673
2026-01-22 13:55:00,25232.85,25245.0,25220.85,25223.2,9925025
2026-01-22 14:05:00,25223.65,25230.8,25176.95,25178.35,8073226
2026-01-22 14:15:00,25178.8,25207.5,25168.5,25197.95,10785835
2026-01-22 14:25:00,25197.25,25279.0,25195.55,25276.2,9469080
2026-01-22 14:35:00,25274.45,25295.9,25261.05,25284.45,11738832
2026-01-22 14:45:00,25284.1,25318.2,25278.5,25279.55,11972338
2026-01-22 14:55:00,25284.35,25308.1,25238.8,25258.85,20432052
2026-01-22 15:05:00,25257.25,25302.0,25250.45,25288.55,21549482
2026-01-22 15:15:00,25288.45,25332.35,25287.6,25316.65,25875153
2026-01-22 15:25:00,25315.5,25327.5,25311.25,25320.45,10872850
2026-01-23 09:15:00,25344.6,25347.95,25249.1,25320.1,23205346
2026-01-23 09:25:00,25320.45,25345.35,25311.35,25315.4,9924784
2026-01-23 09:35:00,25315.95,25319.25,25283.95,25285.7,9615516
2026-01-23 09:45:00,25287.6,25312.55,25267.7,25281.4,10468775
2026-01-23 09:55:00,25281.5,25304.05,25263.5,25287.95,10785064
2026-01-23 10:05:00,25287.5,25308.65,25276.6,25281.7,9088504
2026-01-23 10:15:00,25280.55,25288.05,25251.55,25264.2,7506176
2026-01-23 10:25:00,25265.15,25320.8,25260.8,25303.8,9597152
2026-01-23 10:35:00,25303.55,25315.7,25286.45,25293.35,5394288
2026-01-23 10:45:00,25293.25,25300.4,25270.45,25278.05,6635190
2026-01-23 10:55:00,25278.25,25285.55,25265.2,25265.8,7869360
2026-01-23 11:05:00,25265.0,25293.6,25261.05,25284.9,7315598
2026-01-23 11:15:00,25285.3,25289.9,25254.8,25264.75,6784008
2026-01-23 11:25:00,25265.9,25279.35,25255.6,25256.4,7332181
2026-01-23 11:35:00,25256.45,25259.25,25209.6,25211.6,9206482
2026-01-23 11:45:00,25211.45,25224.65,25190.95,25207.45,7661793
2026-01-23 11:55:00,25208.05,25223.3,25198.15,25219.15,5974703
2026-01-23 12:05:00,25218.55,25218.55,25183.65,25185.2,8003812
2026-01-23 12:15:00,25185.95,25222.95,25185.95,25203.65,9401236
2026-01-23 12:25:00,25204.55,25220.5,25194.0,25211.15,6851360
2026-01-23 12:35:00,25210.0,25236.6,25202.6,25223.05,6422817
2026-01-23 12:45:00,25223.3,25243.8,25202.2,25229.1,8479341
2026-01-23 12:55:00,25229.75,25229.75,25191.7,25194.3,9271483
2026-01-23 13:05:00,25194.05,25200.35,25180.25,25196.4,9377552
2026-01-23 13:15:00,25196.65,25197.35,25124.65,25128.0,9648127
2026-01-23 13:25:00,25127.75,25148.25,25067.8,25070.65,9512613
2026-01-23 13:35:00,25072.25,25081.4,25047.75,25049.55,10283724
2026-01-23 13:45:00,25049.25,25068.4,25043.85,25063.7,8767319
2026-01-23 13:55:00,25063.25,25070.5,25046.75,25065.3,9836583
2026-01-23 14:05:00,25065.65,25078.05,25051.85,25063.4,9483111
2026-01-23 14:15:00,25064.05,25095.15,25041.0,25044.75,11317717
2026-01-23 14:25:00,25045.2,25100.15,25043.95,25088.75,13113450
2026-01-23 14:35:00,25088.25,25107.8,25063.7,25083.65,11924955
2026-01-23 14:45:00,25089.15,25100.8,25057.3,25077.05,11288246
2026-01-23 14:55:00,25079.35,25106.15,25055.85,25060.25,16512101
2026-01-23 15:05:00,25060.55,25061.05,25028.25,25045.85,20707006
2026-01-23 15:15:00,25045.85,25062.85,25025.3,25048.0,25151936
2026-01-23 15:25:00,25049.6,25074.5,25045.9,25064.75,12355410
2026-01-27 09:15:00,25063.35,25126.3,24937.55,24946.4,56931989
2026-01-27 09:25:00,24946.3,25000.2,24932.55,24989.5,24129203
2026-01-27 09:35:00,24989.95,25147.6,24977.8,25147.6,22143395
2026-01-27 09:45:00,25148.8,25161.85,25121.0,25137.25,14750765
2026-01-27 09:55:00,25139.05,25152.35,25100.95,25130.3,12623586
2026-01-27 10:05:00,25130.2,25133.2,25083.35,25128.45,12324523
2026-01-27 10:15:00,25129.35,25184.95,25123.5,25161.55,13769801
2026-01-27 10:25:00,25161.2,25172.35,25105.75,25128.65,10858766
2026-01-27 10:35:00,25128.3,25131.55,25019.7,25030.0,13063586
2026-01-27 10:45:00,25028.85,25044.75,24979.2,24994.7,11819677
2026-01-27 10:55:00,24996.4,25021.5,24979.05,25011.05,13633641
2026-01-27 11:05:00,25008.8,25039.8,24994.05,25029.4,11967980
2026-01-27 11:15:00,25029.05,25064.85,25022.1,25039.4,12263370
2026-01-27 11:25:00,25038.65,25084.8,25030.95,25063.0,9528072
2026-01-27 11:35:00,25063.0,25157.85,25062.85,25154.65,11625804
2026-01-27 11:45:00,25154.15,25162.05,25084.2,25086.75,14091392
2026-01-27 11:55:00,25088.55,25131.8,25083.6,25113.65,9352801
2026-01-27 12:05:00,25114.55,25137.65,25113.95,25120.35,8140782
2026-01-27 12:15:00,25121.55,25135.5,25091.2,25127.6,11086684
2026-01-27 12:25:00,25127.1,25138.2,25083.1,25098.8,8670272
2026-01-27 12:35:00,25099.0,25101.8,25070.55,25079.55,7526962
2026-01-27 12:45:00,25081.2,25100.4,25056.5,25094.3,9088097
2026-01-27 12:55:00,25094.0,25096.85,25065.15,25080.95,9526248
2026-01-27 13:05:00,25080.7,25094.4,25071.15,25088.95,7949288
2026-01-27 13:15:00,25089.1,25112.75,25081.2,25103.55,9843798
2026-01-27 13:25:00,25102.4,25132.25,25089.85,25106.9,11074127
2026-01-27 13:35:00,25107.25,25108.55,25018.0,25045.25,13260999
2026-01-27 13:45:00,25046.15,25065.9,25036.95,25043.45,10646468
2026-01-27 13:55:00,25043.75,25065.65,25013.15,25016.55,11355577
2026-01-27 14:05:00,25017.4,25059.4,24998.25,25034.55,10078150
2026-01-27 14:15:00,25034.9,25039.5,25007.85,25021.25,9854211
2026-01-27 14:25:00,25022.7,25051.1,25019.0,25041.75,11583009
2026-01-27 14:35:00,25042.3,25108.65,25040.65,25087.6,27863995
2026-01-27 14:45:00,25088.9,25145.8,25088.3,25142.5,27628085
2026-01-27 14:55:00,25143.6,25155.3,25100.75,25128.85,32081921
2026-01-27 15:05:00,25130.5,25175.35,25125.9,25170.4,40401633
2026-01-27 15:15:00,25169.25,25230.2,25168.05,25229.95,42376757
2026-01-27 15:25:00,25230.4,25246.65,25225.7,25234.1,17511224
2026-01-28 09:15:00,25258.85,25372.1,25225.7,25358.75,49647152
2026-01-28 09:25:00,25357.9,25366.65,25308.7,25309.3,22524632
2026-01-28 09:35:00,25310.3,25319.85,25286.5,25293.0,16678838
2026-01-28 09:45:00,25292.95,25302.9,25278.1,25288.4,14947297
2026-01-28 09:55:00,25289.3,25316.4,25272.7,25289.8,14054825
2026-01-28 10:05:00,25290.25,25295.65,25232.7,25248.1,14059437
2026-01-28 10:15:00,25248.3,25278.1,25235.6,25274.85,13061388
2026-01-28 10:25:00,25275.35,25281.6,25234.05,25259.0,15431115
2026-01-28 10:35:00,25259.3,25302.2,25256.15,25281.7,13094169
2026-01-28 10:45:00,25282.2,25298.6,25267.35,25296.3,11098877
2026-01-28 10:55:00,25296.15,25322.45,25286.7,25321.1,12800636
2026-01-28 11:05:00,25321.0,25330.6,25312.9,25325.6,11381176
2026-01-28 11:15:00,25325.35,25339.15,25313.3,25337.9,12014752
2026-01-28 11:25:00,25337.2,25351.05,25330.7,25337.8,12759589
2026-01-28 11:35:00,25337.4,25338.1,25292.3,25292.5,10654818
2026-01-28 11:45:00,25292.8,25321.9,25290.65,25314.6,11329318
2026-01-28 11:55:00,25314.15,25332.25,25310.2,25328.75,15602981
2026-01-28 12:05:00,25329.15,25339.5,25306.95,25313.8,11259993
2026-01-28 12:15:00,25313.65,25318.05,25286.05,25286.1,10021826
2026-01-28 12:25:00,25286.6,25290.2,25269.0,25279.5,10835749
2026-01-28 12:35:00,25280.25,25285.95,25258.95,25275.35,10207196
2026-01-28 12:45:00,25275.6,25281.05,25261.0,25265.4,9203619
2026-01-28 12:55:00,25265.15,25269.15,25252.05,25262.25,17506747
2026-01-28 13:05:00,25262.4,25279.7,25256.35,25276.25,7214789
2026-01-28 13:15:00,25276.6,25291.3,25213.55,25238.3,12087275
2026-01-28 13:25:00,25239.25,25252.55,25227.85,25232.8,10588642
2026-01-28 13:35:00,25233.0,25240.8,25207.0,25208.35,9960946
2026-01-28 13:45:00,25207.35,25220.85,25187.65,25218.85,8609570
2026-01-28 13:55:00,25219.05,25242.8,25216.9,25235.5,8150270
2026-01-28 14:05:00,25235.8,25237.45,25205.15,25209.05,16039613
2026-01-28 14:15:00,25208.65,25232.15,25201.1,25219.1,14742282
2026-01-28 14:25:00,25219.8,25250.7,25216.35,25224.3,18752381
2026-01-28 14:35:00,25223.55,25253.2,25218.95,25251.55,13687041
2026-01-28 14:45:00,25252.05,25309.55,25251.2,25307.2,20291526
2026-01-28 14:55:00,25307.75,25344.5,25307.75,25334.35,27335812
2026-01-28 15:05:00,25333.6,25344.1,25322.5,25329.65,25364678
2026-01-28 15:15:00,25329.65,25357.9,25329.65,25351.6,26759419
2026-01-28 15:25:00,25350.5,25358.4,25341.0,25348.05,11608884
2026-01-29 09:15:00,25345.0,25359.35,25248.55,25275.85,35050745
2026-01-29 09:25:00,25275.05,25304.6,25252.3,25280.55,22522078
2026-01-29 09:35:00,25279.0,25279.1,25207.8,25210.7,20529250
2026-01-29 09:45:00,25209.0,25238.35,25175.75,25180.7,16397634
2026-01-29 09:55:00,25181.45,25197.9,25159.8,25193.0,13703789
2026-01-29 10:05:00,25192.85,25214.35,25172.9,25211.65,12500073
2026-01-29 10:15:00,25210.35,25228.85,25167.65,25213.3,13990926
2026-01-29 10:25:00,25211.85,25218.5,25179.2,25212.45,13791802
2026-01-29 10:35:00,25213.1,25221.65,25175.65,25190.0,14387857
2026-01-29 10:45:00,25191.05,25227.95,25183.55,25224.05,9748543
2026-01-29 10:55:00,25223.95,25247.15,25218.6,25238.4,9268025
2026-01-29 11:05:00,25238.55,25258.95,25230.1,25257.8,9393999
2026-01-29 11:15:00,25257.95,25296.9,25257.2,25287.5,14481353
2026-01-29 11:25:00,25287.75,25295.2,25261.25,25262.8,10816659
2026-01-29 11:35:00,25262.85,25276.75,25249.0,25269.45,8429003
2026-01-29 11:45:00,25270.2,25274.9,25240.0,25244.25,12525357
2026-01-29 11:55:00,25243.95,25268.8,25243.55,25265.5,12219457
2026-01-29 12:05:00,25265.6,25287.95,25259.9,25280.75,10156674
2026-01-29 12:15:00,25280.4,25290.15,25262.05,25288.3,8927753
2026-01-29 12:25:00,25289.15,25309.05,25268.2,25297.3,9320895
2026-01-29 12:35:00,25297.9,25300.8,25281.25,25282.5,9922876
2026-01-29 12:45:00,25282.3,25332.6,25276.45,25329.25,8172473
2026-01-29 12:55:00,25330.05,25351.65,25317.05,25351.3,10381606
2026-01-29 13:05:00,25351.65,25368.15,25345.25,25353.65,10219600
2026-01-29 13:15:00,25353.45,25356.4,25334.75,25345.45,8091544
2026-01-29 13:25:00,25345.75,25380.05,25328.3,25374.05,10960418
2026-01-29 13:35:00,25374.3,25404.1,25371.85,25402.5,11697584
2026-01-29 13:45:00,25403.45,25431.4,25400.05,25421.4,14425446
2026-01-29 13:55:00,25421.15,25437.3,25416.4,25416.9,14071915
2026-01-29 14:05:00,25416.95,25420.85,25383.65,25412.9,15973614
2026-01-29 14:15:00,25413.3,25420.05,25398.65,25409.85,11944084
2026-01-29 14:25:00,25409.95,25454.7,25408.6,25448.0,14212848
2026-01-29 14:35:00,25447.6,25451.25,25430.65,25440.25,15435674
2026-01-29 14:45:00,25439.7,25458.15,25436.2,25444.85,17464349
2026-01-29 14:55:00,25444.8,25445.9,25408.0,25419.4,31213264
2026-01-29 15:05:00,25420.0,25433.85,25407.6,25407.6,33791817
2026-01-29 15:15:00,25407.65,25431.65,25405.1,25412.45,45729693
2026-01-29 15:25:00,25413.85,25425.95,25405.7,25422.1,15877065
2026-01-30 09:15:00,25247.55,25285.95,25224.35,25238.85,31296191
2026-01-30 09:25:00,25236.15,25280.6,25218.95,25261.4,16478540
2026-01-30 09:35:00,25261.2,25308.8,25261.2,25292.25,12432470
2026-01-30 09:45:00,25291.75,25323.15,25280.95,25316.45,11336860
2026-01-30 09:55:00,25316.3,25317.55,25274.35,25288.6,17098728
2026-01-30 10:05:00,25288.1,25315.75,25266.45,25314.3,11484657
2026-01-30 10:15:00,25315.8,25319.65,25274.5,25279.3,15526215
2026-01-30 10:25:00,25279.75,25299.95,25268.95,25292.05,11571022
2026-01-30 10:35:00,25291.55,25311.6,25282.0,25302.1,7347798
2026-01-30 10:45:00,25301.05,25312.65,25284.3,25296.8,7945211
2026-01-30 10:55:00,25296.25,25309.2,25295.15,25300.45,6159386
2026-01-30 11:05:00,25300.65,25300.65,25247.1,25255.45,10358187
2026-01-30 11:15:00,25255.35,25263.8,25244.0,25263.5,9181809
2026-01-30 11:25:00,25263.25,25282.85,25232.0,25245.85,7584616
2026-01-30 11:35:00,25245.3,25280.35,25242.95,25272.45,7412918
2026-01-30 11:45:00,25271.85,25294.0,25256.3,25287.4,8946960
2026-01-30 11:55:00,25287.7,25293.35,25248.85,25258.35,9335230
2026-01-30 12:05:00,25258.15,25294.85,25253.8,25294.7,9695848
2026-01-30 12:15:00,25293.65,25311.95,25270.6,25306.95,8083476
2026-01-30 12:25:00,25306.75,25316.6,25288.95,25295.35,6526301
2026-01-30 12:35:00,25296.45,25309.85,25281.45,25293.55,9225328
2026-01-30 12:45:00,25293.7,25300.85,25285.2,25298.2,7484297
2026-01-30 12:55:00,25298.3,25306.15,25274.65,25276.95,8219847
2026-01-30 13:05:00,25276.6,25277.6,25238.5,25247.05,9865648
2026-01-30 13:15:00,25247.4,25247.5,25213.65,25229.8,9361813
2026-01-30 13:25:00,25229.95,25254.65,25228.6,25254.3,6448662
2026-01-30 13:35:00,25254.9,25306.5,25251.9,25301.2,7141842
2026-01-30 13:45:00,25302.05,25339.5,25284.9,25329.6,10539286
2026-01-30 13:55:00,25331.15,25353.0,25322.75,25338.8,8120729
2026-01-30 14:05:00,25338.95,25370.7,25338.55,25352.45,8344594
2026-01-30 14:15:00,25353.5,25356.45,25336.5,25346.75,7731812
2026-01-30 14:25:00,25348.15,25348.3,25320.55,25322.5,8467780
2026-01-30 14:35:00,25322.05,25350.3,25303.95,25311.6,12158267
2026-01-30 14:45:00,25310.15,25357.8,25302.2,25352.45,15029758
2026-01-30 14:55:00,25351.65,25368.8,25293.3,25314.05,33121830
2026-01-30 15:05:00,25314.35,25333.85,25306.5,25319.7,45713182
2026-01-30 15:15:00,25321.0,25343.9,25311.05,25313.25,51479746
2026-01-30 15:25:00,25313.85,25337.65,25309.6,25315.8,20748104
2026-02-01 09:15:00,25333.75,25342.55,25252.3,25300.55,15948770
2026-02-01 09:25:00,25300.05,25323.55,25287.65,25309.75,9492254
2026-02-01 09:35:00,25309.4,25335.1,25301.2,25333.35,5979624
2026-02-01 09:45:00,25332.6,25346.85,25264.85,25319.6,8425843
2026-02-01 09:55:00,25318.45,25337.9,25310.55,25324.4,5312371
2026-02-01 10:05:00,25324.5,25352.25,25321.0,25351.0,5020190
2026-02-01 10:15:00,25350.9,25373.2,25338.6,25372.25,5474910
2026-02-01 10:25:00,25370.25,25376.4,25354.85,25375.2,3865536
2026-02-01 10:35:00,25375.45,25387.55,25364.4,25371.3,4129488
2026-02-01 10:45:00,25370.7,25378.75,25359.7,25375.15,3581349
2026-02-01 10:55:00,25377.0,25387.05,25348.9,25364.5,4809160
2026-02-01 11:05:00,25365.1,25440.9,25362.9,25411.0,11422521
2026-02-01 11:15:00,25410.1,25412.35,25356.25,25369.4,7873240
2026-02-01 11:25:00,25370.65,25402.75,25368.8,25387.05,5829407
2026-02-01 11:35:00,25386.1,25392.1,25302.0,25311.55,7252228
2026-02-01 11:45:00,25311.45,25328.9,25279.75,25289.3,6485892
2026-02-01 11:55:00,25289.2,25312.45,25236.9,25251.85,9977991
2026-02-01 12:05:00,25253.45,25385.95,25203.4,25223.55,11454566
2026-02-01 12:15:00,25226.75,25244.8,25025.15,25030.3,13934598
2026-02-01 12:25:00,25029.1,25075.45,24571.75,24834.45,31785591
2026-02-01 12:35:00,24833.05,25058.7,24827.95,25013.15,26054259
2026-02-01 12:45:00,25005.4,25070.3,24949.15,25025.8,16495637
2026-02-01 12:55:00,25027.55,25122.05,25026.4,25109.45,10921730
2026-02-01 13:05:00,25107.4,25141.9,25063.6,25119.95,12525696
2026-02-01 13:15:00,25121.15,25148.95,25090.85,25129.6,8678930
2026-02-01 13:25:00,25128.5,25131.15,25031.1,25090.65,9463762
2026-02-01 13:35:00,25089.75,25101.7,25047.35,25077.1,6978731
2026-02-01 13:45:00,25078.0,25095.3,24985.3,24996.2,8851419
2026-02-01 13:55:00,24995.55,25063.85,24993.5,25030.1,6223540
2026-02-01 14:05:00,25030.4,25031.75,24983.55,25011.75,8126867
2026-02-01 14:15:00,25012.3,25039.35,24991.3,25011.85,7524766
2026-02-01 14:25:00,25013.35,25070.8,25013.35,25063.85,6461389
2026-02-01 14:35:00,25064.1,25091.55,25034.85,25035.05,5365735
2026-02-01 14:45:00,25033.7,25052.0,24928.6,24931.3,10780030
2026-02-01 14:55:00,24932.8,24955.7,24905.45,24942.5,11748229
2026-02-01 15:05:00,24942.5,24954.25,24847.45,24850.15,13224136
2026-02-01 15:15:00,24850.15,24850.55,24750.75,24751.0,20267984
2026-02-01 15:25:00,24751.0,24768.0,24721.0,24768.0,10610604
2026-02-02 09:15:00,24796.5,24884.7,24726.85,24875.8,33042711
2026-02-02 09:25:00,24877.4,24918.55,24818.15,24889.6,20986471
2026-02-02 09:35:00,24887.45,24914.1,24854.4,24867.1,14515167
2026-02-02 09:45:00,24866.55,24942.95,24850.45,24936.15,12357998
2026-02-02 09:55:00,24934.75,24939.05,24816.65,24816.65,14933573
2026-02-02 10:05:00,24818.05,24849.8,24795.7,24826.15,12223389
2026-02-02 10:15:00,24825.5,24845.6,24799.9,24814.7,8529816
2026-02-02 10:25:00,24813.85,24865.35,24810.1,24859.3,8198520
2026-02-02 10:35:00,24858.85,24873.65,24839.35,24846.9,7773475
2026-02-02 10:45:00,24846.5,24864.35,24819.8,24822.6,7001229
2026-02-02 10:55:00,24822.45,24823.05,24741.75,24749.75,13592307
2026-02-02 11:05:00,24747.8,24751.95,24702.0,24728.45,10996063
2026-02-02 11:15:00,24727.0,24733.9,24682.1,24686.75,8941699
2026-02-02 11:25:00,24684.6,24829.3,24679.4,24826.75,10499869
2026-02-02 11:35:00,24827.65,24869.7,24794.55,24868.4,8470731
2026-02-02 11:45:00,24868.9,24879.95,24850.5,24866.65,8797475
2026-02-02 11:55:00,24867.4,24878.8,24852.2,24861.1,7491613
2026-02-02 12:05:00,24861.1,24914.05,24852.7,24910.45,7029368
2026-02-02 12:15:00,24911.45,24927.3,24879.45,24897.3,7886887
2026-02-02 12:25:00,24896.85,24900.95,24874.55,24878.25,7677264
2026-02-02 12:35:00,24878.25,24890.25,24861.95,24870.85,7305021
2026-02-02 12:45:00,24870.5,24905.3,24865.05,24894.3,7119477
2026-02-02 12:55:00,24893.3,24954.2,24892.8,24951.2,8705844
2026-02-02 13:05:00,24951.85,24963.3,24930.3,24935.2,9047299
2026-02-02 13:15:00,24936.2,24942.95,24851.35,24873.0,9091560
2026-02-02 13:25:00,24872.9,24906.8,24863.3,24887.4,7801053
2026-02-02 13:35:00,24887.85,24972.3,24880.2,24964.2,10257464
2026-02-02 13:45:00,24963.5,24984.45,24941.7,24964.4,12709452
2026-02-02 13:55:00,24965.0,24968.2,24928.1,24950.7,9277101
2026-02-02 14:05:00,24950.35,24958.75,24913.85,24943.2,8556029
2026-02-02 14:15:00,24942.45,24966.3,24921.65,24953.3,9014766
2026-02-02 14:25:00,24951.6,24983.4,24934.6,24939.1,9561982
2026-02-02 14:35:00,24938.85,24963.2,24931.2,24955.4,9691282
2026-02-02 14:45:00,24954.85,25022.85,24952.85,25019.3,12903424
2026-02-02 14:55:00,25019.05,25079.15,25014.05,25068.65,18851751
2026-02-02 15:05:00,25069.65,25093.3,25069.15,25086.45,24437637
2026-02-02 15:15:00,25086.45,25108.1,25084.3,25090.5,27006687
2026-02-02 15:25:00,25090.8,25099.25,25069.5,25079.9,14201777
2026-02-03 09:15:00,26308.05,26341.2,25766.65,25808.95,113517922
2026-02-03 09:25:00,25813.2,25823.1,25753.25,25755.15,36349515
2026-02-03 09:35:00,25756.3,25782.05,25720.15,25727.3,26716679
2026-02-03 09:45:00,25726.3,25793.1,25675.15,25732.15,21560481
2026-02-03 09:55:00,25733.4,25748.15,25696.9,25701.3,18440307
2026-02-03 10:05:00,25701.6,25702.7,25641.3,25671.0,15819495
2026-02-03 10:15:00,25672.35,25786.55,25672.35,25781.25,18194631
2026-02-03 10:25:00,25782.05,25818.5,25763.7,25810.3,13421210
2026-02-03 10:35:00,25810.55,25821.65,25795.95,25798.3,11431932
2026-02-03 10:45:00,25798.25,25804.4,25746.7,25766.3,12279386
2026-02-03 10:55:00,25765.5,25810.5,25764.85,25794.0,10055187
2026-02-03 11:05:00,25794.45,25803.4,25765.5,25784.2,12372995
2026-02-03 11:15:00,25785.15,25801.7,25773.9,25798.7,10603531
2026-02-03 11:25:00,25799.7,25859.85,25798.8,25858.4,13057492
2026-02-03 11:35:00,25857.85,25863.15,25834.15,25851.55,10098688
2026-02-03 11:45:00,25851.2,25855.9,25826.15,25835.25,10933034
2026-02-03 11:55:00,25835.6,25851.85,25818.75,25820.05,11576195
2026-02-03 12:05:00,25820.1,25843.35,25813.15,25836.55,9342413
2026-02-03 12:15:00,25837.35,25838.6,25812.15,25812.15,8020623
2026-02-03 12:25:00,25811.6,25812.45,25780.85,25795.05,8544532
2026-02-03 12:35:00,25796.5,25801.75,25767.55,25796.05,9162439
2026-02-03 12:45:00,25796.45,25797.85,25780.1,25790.8,7993858
2026-02-03 12:55:00,25791.45,25808.6,25785.65,25801.35,7231728
2026-02-03 13:05:00,25801.05,25811.5,25786.4,25790.3,7044306
2026-02-03 13:15:00,25791.3,25800.45,25786.95,25793.05,9608026
2026-02-03 13:25:00,25793.0,25795.05,25744.0,25759.3,9837224
2026-02-03 13:35:00,25758.65,25811.45,25729.4,25800.8,10550500
2026-02-03 13:45:00,25802.05,25811.85,25787.4,25806.7,7685589
2026-02-03 13:55:00,25806.0,25810.35,25755.6,25776.45,9369813
2026-02-03 14:05:00,25775.95,25786.7,25765.7,25775.15,10273438
2026-02-03 14:15:00,25774.4,25781.55,25763.0,25772.85,8702749
2026-02-03 14:25:00,25772.5,25788.1,25740.3,25762.8,9955748
2026-02-03 14:35:00,25763.4,25776.5,25741.35,25746.6,13397482
2026-02-03 14:45:00,25746.2,25770.0,25740.2,25764.0,12024700
2026-02-03 14:55:00,25763.55,25790.35,25714.45,25719.65,19505986
2026-02-03 15:05:00,25719.9,25739.25,25696.85,25717.85,32183802
2026-02-03 15:15:00,25721.9,25749.45,25706.05,25730.45,34510073
2026-02-03 15:25:00,25731.15,25732.2,25708.5,25714.8,14523060
2026-02-04 09:15:00,25675.05,25762.15,25563.95,25754.15,43524249
2026-02-04 09:25:00,25754.8,25790.15,25749.65,25762.25,21181436
2026-02-04 09:35:00,25761.95,25791.2,25728.2,25788.65,16098076
2026-02-04 09:45:00,25788.05,25795.25,25748.1,25762.65,13531453
2026-02-04 09:55:00,25763.1,25785.35,25756.2,25776.15,9581973
2026-02-04 10:05:00,25775.7,25801.8,25771.3,25782.3,8891399
2026-02-04 10:15:00,25782.55,25787.05,25737.55,25744.8,8657402
2026-02-04 10:25:00,25745.0,25753.8,25723.55,25726.5,7544676
2026-02-04 10:35:00,25726.2,25743.75,25709.55,25740.35,7697642
2026-02-04 10:45:00,25739.0,25756.9,25729.6,25743.3,7056642
2026-02-04 10:55:00,25742.4,25760.15,25734.95,25749.05,6716753
2026-02-04 11:05:00,25748.8,25759.0,25714.15,25723.95,7539129
2026-02-04 11:15:00,25724.0,25726.8,25695.4,25698.05,8458052
2026-02-04 11:25:00,25696.9,25711.5,25685.95,25705.15,9921754
2026-02-04 11:35:00,25705.85,25723.9,25698.1,25717.35,7545835
2026-02-04 11:45:00,25717.05,25725.6,25695.65,25721.9,8766876
2026-02-04 11:55:00,25721.35,25734.85,25711.25,25717.55,10865366
2026-02-04 12:05:00,25717.4,25742.55,25716.55,25742.55,8292855
2026-02-04 12:15:00,25741.7,25750.3,25723.6,25727.85,10733936
2026-02-04 12:25:00,25727.2,25756.3,25727.2,25738.5,10572501
2026-02-04 12:35:00,25738.0,25762.95,25727.2,25738.7,11819575
2026-02-04 12:45:00,25738.6,25738.9,25712.45,25720.4,12296808
2026-02-04 12:55:00,25720.1,25721.6,25701.25,25717.1,7070626
2026-02-04 13:05:00,25717.2,25740.95,25715.6,25736.75,6065302
2026-02-04 13:15:00,25735.9,25752.2,25727.85,25750.6,5942122
2026-02-04 13:25:00,25750.55,25768.9,25748.75,25765.15,6703500
2026-02-04 13:35:00,25764.35,25772.7,25757.45,25771.35,6169934
2026-02-04 13:45:00,25770.2,25787.1,25761.0,25786.25,6468546
2026-02-04 13:55:00,25786.75,25788.25,25755.25,25766.2,6267233
2026-02-04 14:05:00,25765.6,25791.7,25757.1,25790.9,7835509
2026-02-04 14:15:00,25789.95,25818.55,25789.95,25801.0,10553922
2026-02-04 14:25:00,25801.25,25804.05,25788.35,25799.2,8066573
2026-02-04 14:35:00,25799.4,25815.7,25795.85,25809.35,9803914
2026-02-04 14:45:00,25809.7,25812.65,25782.25,25795.65,13311382
2026-02-04 14:55:00,25795.3,25812.4,25779.85,25789.9,16538248
2026-02-04 15:05:00,25790.05,25796.55,25780.2,25783.1,21212835
2026-02-04 15:15:00,25783.0,25790.25,25755.9,25759.7,24947280
2026-02-04 15:25:00,25760.85,25764.6,25737.5,25737.5,12146397
2026-02-05 09:15:00,25755.9,25757.65,25680.6,25682.3,27386180
2026-02-05 09:25:00,25682.6,25729.55,25666.15,25692.75,13474314
2026-02-05 09:35:00,25692.95,25707.05,25633.85,25635.15,12124292
2026-02-05 09:45:00,25635.3,25647.05,25621.25,25624.6,9773647
2026-02-05 09:55:00,25625.25,25643.8,25612.9,25636.85,7274075
2026-02-05 10:05:00,25637.65,25676.7,25630.0,25672.75,8856430
2026-02-05 10:15:00,25672.5,25700.45,25657.3,25694.6,7888112
2026-02-05 10:25:00,25694.85,25698.35,25641.2,25646.7,8991498
2026-02-05 10:35:00,25646.9,25653.4,25623.55,25642.65,6033237
2026-02-05 10:45:00,25642.8,25651.15,25633.7,25635.05,7354699
2026-02-05 10:55:00,25633.55,25649.3,25611.6,25643.1,7990342
2026-02-05 11:05:00,25643.25,25678.25,25642.75,25673.55,5790572
2026-02-05 11:15:00,25673.65,25676.9,25644.6,25645.0,7931445
2026-02-05 11:25:00,25644.9,25665.85,25639.4,25647.3,6616783
2026-02-05 11:35:00,25647.4,25680.2,25641.75,25666.3,5982171
2026-02-05 11:45:00,25666.35,25668.3,25629.65,25638.35,7317316
2026-02-05 11:55:00,25638.2,25654.55,25635.0,25651.3,6126529
2026-02-05 12:05:00,25652.35,25657.7,25627.1,25629.8,6365198
2026-02-05 12:15:00,25629.7,25630.5,25611.1,25616.4,6714539
2026-02-05 12:25:00,25616.05,25634.95,25603.75,25618.1,6561573
2026-02-05 12:35:00,25617.55,25627.8,25614.9,25617.45,4403616
2026-02-05 12:45:00,25617.2,25636.9,25616.9,25623.3,4817612
2026-02-05 12:55:00,25622.95,25646.55,25606.75,25637.7,5400128
2026-02-05 13:05:00,25638.45,25646.45,25629.55,25636.8,5201435
2026-02-05 13:15:00,25637.45,25657.3,25637.45,25644.65,5088590
2026-02-05 13:25:00,25644.45,25645.0,25611.2,25632.55,5814613
2026-02-05 13:35:00,25632.25,25643.5,25626.05,25635.9,6208118
2026-02-05 13:45:00,25635.8,25647.4,25629.05,25629.4,6721800
2026-02-05 13:55:00,25629.95,25642.0,25621.05,25627.25,7472194
2026-02-05 14:05:00,25627.95,25627.95,25579.5,25596.95,9996599
2026-02-05 14:15:00,25597.45,25605.35,25589.9,25598.95,8288058
2026-02-05 14:25:00,25598.9,25627.35,25594.55,25626.4,7520759
2026-02-05 14:35:00,25626.7,25640.35,25620.55,25624.05,10204574
2026-02-05 14:45:00,25624.25,25632.1,25609.05,25630.2,8778138
2026-02-05 14:55:00,25630.15,25669.45,25630.15,25665.25,14455574
2026-02-05 15:05:00,25665.55,25669.75,25630.45,25647.8,20552611
2026-02-05 15:15:00,25647.75,25649.75,25621.55,25640.95,23672136
2026-02-05 15:25:00,25642.7,25645.6,25629.3,25641.6,10257379
2026-02-06 09:15:00,25605.8,25630.8,25553.55,25587.85,28067428
2026-02-06 09:25:00,25588.1,25596.95,25554.5,25563.6,15148277
2026-02-06 09:35:00,25563.65,25565.8,25522.25,25526.3,9433112
2026-02-06 09:45:00,25527.2,25570.8,25527.2,25554.25,9804795
2026-02-06 09:55:00,25554.2,25560.45,25519.15,25535.55,6721155
2026-02-06 10:05:00,25534.85,25542.15,25504.6,25515.8,7988640
2026-02-06 10:15:00,25517.2,25558.8,25511.6,25544.7,6369513
2026-02-06 10:25:00,25543.95,25546.4,25496.1,25504.8,9457818
2026-02-06 10:35:00,25504.85,25525.85,25497.9,25502.4,7898032
2026-02-06 10:45:00,25501.7,25518.05,25492.4,25498.25,7692512
2026-02-06 10:55:00,25498.2,25548.15,25491.9,25546.75,7438595
2026-02-06 11:05:00,25546.25,25576.4,25543.25,25576.4,13187645
2026-02-06 11:15:00,25577.8,25597.55,25564.6,25593.0,9494568
2026-02-06 11:25:00,25592.9,25609.8,25582.95,25607.8,8506247
2026-02-06 11:35:00,25607.7,25644.5,25599.85,25623.8,13637972
2026-02-06 11:45:00,25623.85,25641.8,25613.2,25625.65,9910008
2026-02-06 11:55:00,25625.5,25657.9,25616.65,25621.25,9107578
2026-02-06 12:05:00,25621.15,25621.3,25588.45,25611.05,8132961
2026-02-06 12:15:00,25611.7,25614.35,25570.3,25570.3,10629673
2026-02-06 12:25:00,25570.45,25579.1,25536.7,25543.3,7341346
2026-02-06 12:35:00,25542.95,25562.6,25536.95,25543.45,6736385
2026-02-06 12:45:00,25542.8,25570.35,25531.85,25532.0,7139359
2026-02-06 12:55:00,25532.3,25563.15,25526.65,25557.15,8533396
2026-02-06 13:05:00,25557.6,25573.15,25545.3,25561.45,7280926
2026-02-06 13:15:00,25562.1,25576.65,25559.7,25569.4,5506144
2026-02-06 13:25:00,25570.5,25576.45,25549.1,25562.85,6307778
2026-02-06 13:35:00,25563.55,25598.75,25560.95,25578.45,7316135
2026-02-06 13:45:00,25578.3,25620.65,25572.05,25618.6,8208829
2026-02-06 13:55:00,25618.25,25633.3,25602.0,25618.85,6498685
2026-02-06 14:05:00,25618.6,25630.9,25607.15,25612.3,4566719
2026-02-06 14:15:00,25612.15,25630.65,25601.9,25604.75,5920447
2026-02-06 14:25:00,25604.7,25623.35,25604.25,25622.1,6416416
2026-02-06 14:35:00,25622.35,25652.4,25619.35,25651.85,7848128
2026-02-06 14:45:00,25651.8,25661.05,25633.65,25651.3,7482947
2026-02-06 14:55:00,25651.8,25690.25,25651.8,25685.45,14926661
2026-02-06 15:05:00,25683.05,25703.8,25681.75,25698.5,22164901
2026-02-06 15:15:00,25698.5,25703.95,25692.95,25700.95,22956490
2026-02-06 15:25:00,25700.95,25700.95,25660.2,25673.6,10019665
2026-02-09 09:15:00,25888.7,25922.25,25793.3,25821.85,33713784
2026-02-09 09:25:00,25821.2,25835.5,25791.75,25802.2,13665187
2026-02-09 09:35:00,25802.55,25807.15,25780.9,25793.05,9415091
2026-02-09 09:45:00,25792.9,25819.25,25790.35,25812.8,11028134
2026-02-09 09:55:00,25812.85,25826.1,25806.05,25824.75,10752957
2026-02-09 10:05:00,25824.1,25831.1,25796.15,25801.6,8485083
2026-02-09 10:15:00,25800.1,25829.95,25794.0,25817.85,7756955
2026-02-09 10:25:00,25818.1,25829.2,25810.1,25826.25,8558042
2026-02-09 10:35:00,25824.9,25852.35,25823.6,25852.35,7704193
2026-02-09 10:45:00,25852.8,25861.1,25844.5,25860.15,8411752
2026-02-09 10:55:00,25859.5,25870.05,25855.25,25856.45,8350823
2026-02-09 11:05:00,25856.4,25866.6,25853.45,25857.95,9354048
2026-02-09 11:15:00,25858.15,25865.35,25851.75,25863.55,11487059
2026-02-09 11:25:00,25863.3,25868.35,25842.0,25848.4,12403321
2026-02-09 11:35:00,25849.05,25866.55,25845.55,25851.0,6603002
2026-02-09 11:45:00,25850.45,25852.3,25832.2,25832.2,7461848
2026-02-09 11:55:00,25832.05,25842.9,25830.5,25842.7,6880409
2026-02-09 12:05:00,25842.65,25861.25,25839.25,25856.25,8115763
2026-02-09 12:15:00,25856.6,25861.1,25850.0,25858.5,6959060
2026-02-09 12:25:00,25858.95,25861.45,25831.55,25839.65,7569500
2026-02-09 12:35:00,25841.55,25850.2,25832.5,25835.95,6324399
2026-02-09 12:45:00,25836.0,25839.8,25821.65,25822.35,6366792
2026-02-09 12:55:00,25822.8,25846.25,25819.95,25843.25,5467955
2026-02-09 13:05:00,25844.55,25860.3,25841.9,25849.95,7596242
2026-02-09 13:15:00,25850.75,25860.0,25845.2,25846.3,5488657
2026-02-09 13:25:00,25847.25,25852.95,25835.85,25849.85,4840351
2026-02-09 13:35:00,25851.8,25856.1,25849.6,25853.3,6310662
2026-02-09 13:45:00,25854.05,25857.3,25843.1,25846.65,5401003
2026-02-09 13:55:00,25846.9,25855.3,25839.95,25842.35,6771032
2026-02-09 14:05:00,25843.95,25852.75,25835.5,25844.4,6904566
2026-02-09 14:15:00,25845.25,25864.4,25842.2,25858.55,8292988
2026-02-09 14:25:00,25860.0,25862.95,25849.45,25852.35,7050996
2026-02-09 14:35:00,25852.4,25856.85,25840.35,25843.8,7515763
2026-02-09 14:45:00,25844.95,25858.2,25836.25,25848.5,10606055
2026-02-09 14:55:00,25850.25,25869.85,25848.35,25868.85,12779052
2026-02-09 15:05:00,25869.45,25875.85,25862.5,25866.3,16121544
2026-02-09 15:15:00,25866.55,25870.55,25861.15,25864.0,18613088
2026-02-09 15:25:00,25864.85,25870.1,25856.85,25863.3,9457973
2026-02-10 09:15:00,25922.65,25934.95,25870.45,25915.55,27906510
2026-02-10 09:25:00,25914.9,25943.75,25907.7,25943.75,17727835
2026-02-10 09:35:00,25943.3,25953.2,25936.7,25949.4,15214814
2026-02-10 09:45:00,25949.65,25962.3,25929.95,25932.6,16413841
2026-02-10 09:55:00,25932.2,25958.45,25928.8,25954.9,13513355
2026-02-10 10:05:00,25954.95,25965.7,25940.25,25944.35,17144460
2026-02-10 10:15:00,25944.4,25971.85,25942.0,25964.25,20895314
2026-02-10 10:25:00,25963.95,25978.9,25961.65,25976.75,8675702
2026-02-10 10:35:00,25976.2,25978.15,25951.35,25960.7,10362489
2026-02-10 10:45:00,25960.15,25971.7,25954.35,25957.85,8108284
2026-02-10 10:55:00,25958.3,25969.3,25955.1,25964.6,8449619
2026-02-10 11:05:00,25964.0,25969.9,25955.75,25959.65,9218818
2026-02-10 11:15:00,25960.05,25964.4,25951.3,25952.45,11293940
2026-02-10 11:25:00,25951.15,25961.2,25947.3,25956.35,11672375
2026-02-10 11:35:00,25956.45,25960.95,25941.9,25950.9,13253728
2026-02-10 11:45:00,25951.35,25961.2,25943.95,25960.05,8965322
2026-02-10 11:55:00,25960.1,25965.4,25952.7,25964.35,6144948
2026-02-10 12:05:00,25963.35,25964.2,25950.65,25963.65,13906180
2026-02-10 12:15:00,25964.35,25969.8,25956.0,25959.65,11190963
2026-02-10 12:25:00,25959.2,25959.8,25952.2,25956.25,7687054
2026-02-10 12:35:00,25956.25,25965.0,25950.85,25964.7,7088470
2026-02-10 12:45:00,25964.55,25989.45,25963.7,25979.05,9073184
2026-02-10 12:55:00,25979.4,25985.7,25956.8,25966.2,12437219
2026-02-10 13:05:00,25965.3,25981.0,25962.45,25977.75,9544788
2026-02-10 13:15:00,25978.0,25982.25,25927.45,25931.85,9398916
2026-02-10 13:25:00,25932.1,25951.95,25908.85,25922.9,8355739
2026-02-10 13:35:00,25921.7,25929.3,25915.4,25927.2,5516343
2026-02-10 13:45:00,25925.05,25936.05,25915.95,25934.1,6159930
2026-02-10 13:55:00,25933.1,25934.4,25893.2,25901.7,6624804
2026-02-10 14:05:00,25900.7,25923.4,25898.3,25918.7,7185312
2026-02-10 14:15:00,25918.15,25943.8,25918.15,25924.65,8612497
2026-02-10 14:25:00,25923.25,25929.0,25915.85,25924.15,7566208
2026-02-10 14:35:00,25922.7,25930.6,25903.85,25912.7,11252614
2026-02-10 14:45:00,25911.4,25937.85,25911.2,25935.35,11465970
2026-02-10 14:55:00,25935.75,25967.4,25930.9,25951.4,19004493
2026-02-10 15:05:00,25953.25,25963.25,25930.85,25933.95,28289387
2026-02-10 15:15:00,25934.3,25937.05,25909.75,25911.55,22607847
2026-02-10 15:25:00,25911.4,25919.25,25906.05,25916.8,8888447
2026-02-11 09:15:00,25997.45,26009.4,25942.45,25980.7,26852244
2026-02-11 09:25:00,25980.85,25988.1,25954.75,25955.35,12701164
2026-02-11 09:35:00,25955.15,25960.75,25923.5,25937.85,9620136
2026-02-11 09:45:00,25937.8,25952.7,25925.75,25950.1,7677245
2026-02-11 09:55:00,25949.05,25956.3,25911.9,25915.8,8003131
2026-02-11 10:05:00,25914.35,25938.55,25909.85,25917.9,7342213
2026-02-11 10:15:00,25918.05,25962.8,25916.9,25961.65,5859475
2026-02-11 10:25:00,25961.05,25973.2,25955.9,25964.2,7657844
2026-02-11 10:35:00,25963.95,25981.3,25958.2,25969.05,7062976
2026-02-11 10:45:00,25968.0,25978.6,25959.85,25960.9,6462996
2026-02-11 10:55:00,25960.7,25966.65,25954.2,25966.65,6895488
2026-02-11 11:05:00,25966.75,25971.65,25938.9,25956.95,8131942
2026-02-11 11:15:00,25957.4,25967.9,25947.4,25959.9,7902493
2026-02-11 11:25:00,25960.25,25977.85,25953.65,25972.25,5397451
2026-02-11 11:35:00,25972.6,25979.05,25955.6,25956.15,5000734
2026-02-11 11:45:00,25956.45,25964.35,25949.6,25958.05,7033069
2026-02-11 11:55:00,25958.65,25969.35,25944.9,25955.7,6045163
2026-02-11 12:05:00,25955.9,25960.05,25933.95,25953.95,5521356
2026-02-11 12:15:00,25954.45,25955.45,25936.05,25937.65,6119154
2026-02-11 12:25:00,25938.1,25945.1,25926.05,25926.25,5537314
2026-02-11 12:35:00,25926.8,25936.15,25899.8,25911.2,18898303
2026-02-11 12:45:00,25910.9,25927.4,25900.9,25926.2,5570980
2026-02-11 12:55:00,25925.9,25936.45,25907.6,25914.25,7554763
2026-02-11 13:05:00,25913.35,25931.1,25912.9,25923.75,5530076
2026-02-11 13:15:00,25923.95,25939.3,25920.1,25931.25,5426180
2026-02-11 13:25:00,25931.7,25952.1,25931.7,25949.2,5265978
2026-02-11 13:35:00,25949.65,25969.2,25945.1,25955.35,5606252
2026-02-11 13:45:00,25955.1,25956.3,25927.5,25932.05,6504166
2026-02-11 13:55:00,25931.65,25943.3,25925.55,25938.5,5410496
2026-02-11 14:05:00,25938.2,25956.8,25934.45,25956.2,7811846
2026-02-11 14:15:00,25955.95,25964.1,25939.7,25945.0,7439385
2026-02-11 14:25:00,25944.9,25954.55,25937.2,25952.45,7567028
2026-02-11 14:35:00,25951.85,25954.05,25938.85,25944.9,7860820
2026-02-11 14:45:00,25945.45,25952.25,25940.3,25946.3,9286607
2026-02-11 14:55:00,25947.65,25970.75,25943.6,25956.1,14628923
2026-02-11 15:05:00,25956.8,25958.75,25948.7,25955.9,16857376
2026-02-11 15:15:00,25957.95,25958.65,25946.4,25949.0,19209408
2026-02-11 15:25:00,25950.45,25952.85,25939.75,25945.35,7590334
2026-02-12 09:15:00,25906.7,25906.7,25836.6,25843.9,34357965
2026-02-12 09:25:00,25845.25,25850.95,25822.3,25838.35,18618524
2026-02-12 09:35:00,25839.6,25847.95,25829.8,25844.65,14423061
2026-02-12 09:45:00,25844.85,25865.95,25828.4,25860.4,13073076
2026-02-12 09:55:00,25861.1,25875.75,25857.65,25871.1,19030865
2026-02-12 10:05:00,25871.55,25880.9,25849.9,25880.85,10732239
2026-02-12 10:15:00,25881.8,25882.6,25865.25,25875.3,9126841
2026-02-12 10:25:00,25876.05,25876.05,25859.4,25872.8,7910448
2026-02-12 10:35:00,25873.5,25876.0,25850.6,25859.3,7898856
2026-02-12 10:45:00,25857.95,25865.55,25848.7,25853.1,8064878
2026-02-12 10:55:00,25853.4,25861.9,25851.2,25856.7,9154339
2026-02-12 11:05:00,25857.25,25861.8,25843.15,25849.15,8790274
2026-02-12 11:15:00,25849.55,25849.55,25824.2,25833.5,9976854
2026-02-12 11:25:00,25834.6,25838.1,25816.25,25821.15,7006215
2026-02-12 11:35:00,25822.25,25831.85,25813.05,25828.4,7373875
2026-02-12 11:45:00,25828.15,25836.1,25808.05,25814.75,7032159
2026-02-12 11:55:00,25815.9,25830.45,25806.5,25815.15,6925746
2026-02-12 12:05:00,25816.1,25832.4,25812.4,25828.9,5400007
2026-02-12 12:15:00,25829.8,25839.7,25827.95,25836.6,7799075
2026-02-12 12:25:00,25836.8,25846.65,25830.95,25842.35,5434486
2026-02-12 12:35:00,25842.35,25847.05,25834.05,25844.45,6530714
2026-02-12 12:45:00,25845.6,25854.0,25839.95,25853.5,5901924
2026-02-12 12:55:00,25854.15,25859.85,25847.85,25853.5,6019606
2026-02-12 13:05:00,25854.95,25856.2,25830.0,25835.75,7545879
2026-02-12 13:15:00,25836.45,25863.55,25830.75,25860.45,7512686
2026-02-12 13:25:00,25861.05,25879.3,25842.85,25849.45,9305262
2026-02-12 13:35:00,25850.1,25862.0,25841.3,25844.85,6597838
2026-02-12 13:45:00,25845.05,25847.35,25805.65,25821.65,10698844
2026-02-12 13:55:00,25822.4,25824.55,25807.25,25817.8,5943479
2026-02-12 14:05:00,25817.9,25822.5,25812.65,25817.55,6093289
2026-02-12 14:15:00,25818.2,25836.35,25803.25,25833.35,7666399
2026-02-12 14:25:00,25833.75,25837.85,25818.5,25823.9,9381350
2026-02-12 14:35:00,25823.45,25829.65,25794.55,25797.3,10890804
2026-02-12 14:45:00,25796.95,25798.75,25752.4,25775.4,14036416
2026-02-12 14:55:00,25776.35,25840.7,25775.1,25823.95,20586473
2026-02-12 15:05:00,25823.2,25826.9,25791.15,25807.45,26717978
2026-02-12 15:15:00,25805.35,25814.8,25795.5,25799.5,26116590
2026-02-12 15:25:00,25796.35,25803.65,25790.4,25796.15,11225325
2026-02-13 09:15:00,25571.15,25630.35,25558.3,25602.65,36689707
2026-02-13 09:25:00,25605.0,25605.0,25544.85,25547.7,16677323
2026-02-13 09:35:00,25549.0,25566.25,25525.45,25560.85,18938029
2026-02-13 09:45:00,25560.75,25565.3,25537.05,25553.65,12003691
2026-02-13 09:55:00,25553.15,25555.05,25531.5,25549.0,11600718
2026-02-13 10:05:00,25549.85,25550.5,25529.35,25531.75,8679881
2026-02-13 10:15:00,25531.5,25540.7,25513.3,25538.9,13079156
2026-02-13 10:25:00,25539.75,25572.15,25538.55,25567.3,12275600
2026-02-13 10:35:00,25567.25,25584.3,25562.7,25574.1,13631067
2026-02-13 10:45:00,25573.3,25573.75,25543.95,25559.85,8251328
2026-02-13 10:55:00,25560.0,25574.6,25544.1,25545.35,6904301
2026-02-13 11:05:00,25545.4,25554.2,25533.05,25554.2,8299619
2026-02-13 11:15:00,25553.7,25555.95,25522.8,25533.1,7574669
2026-02-13 11:25:00,25533.25,25550.9,25529.25,25530.05,7128701
2026-02-13 11:35:00,25530.05,25551.05,25525.05,25549.6,8476781
2026-02-13 11:45:00,25550.8,25557.0,25543.4,25551.8,9364554
2026-02-13 11:55:00,25552.4,25568.5,25548.2,25562.65,7213039
2026-02-13 12:05:00,25562.15,25576.7,25560.4,25573.4,11614198
2026-02-13 12:15:00,25573.5,25582.45,25557.7,25580.3,7968127
2026-02-13 12:25:00,25580.45,25606.05,25576.5,25602.45,10456211
2026-02-13 12:35:00,25602.5,25602.75,25579.35,25584.0,8102610
2026-02-13 12:45:00,25585.15,25596.85,25553.7,25556.95,10463228
2026-02-13 12:55:00,25557.1,25560.05,25534.1,25542.5,7307276
2026-02-13 13:05:00,25542.8,25578.0,25531.65,25574.7,7482390
2026-02-13 13:15:00,25575.65,25586.85,25552.0,25553.2,5467481
2026-02-13 13:25:00,25554.05,25554.15,25533.2,25542.4,6567116
2026-02-13 13:35:00,25542.95,25553.8,25538.65,25539.2,6134433
2026-02-13 13:45:00,25538.9,25540.15,25499.9,25517.15,8482249
2026-02-13 13:55:00,25517.05,25531.2,25513.7,25526.25,9496183
2026-02-13 14:05:00,25526.1,25539.25,25513.6,25534.6,10115546
2026-02-13 14:15:00,25535.0,25538.4,25515.3,25527.3,7732061
2026-02-13 14:25:00,25527.0,25536.65,25510.05,25510.9,8327269
2026-02-13 14:35:00,25511.05,25521.4,25499.35,25511.75,15609054
2026-02-13 14:45:00,25511.45,25521.5,25502.2,25515.35,12745986
2026-02-13 14:55:00,25515.65,25528.3,25488.6,25496.45,16334735
2026-02-13 15:05:00,25495.9,25498.75,25472.05,25477.2,19871333
2026-02-13 15:15:00,25475.55,25489.8,25450.8,25468.15,38636289
2026-02-13 15:25:00,25470.9,25470.9,25444.3,25460.55,14940337
2026-02-16 09:15:00,25423.6,25493.35,25372.7,25480.65,19319024
2026-02-16 09:25:00,25482.6,25528.45,25453.65,25521.9,9658627
2026-02-16 09:35:00,25522.7,25522.7,25458.15,25460.75,8073229
2026-02-16 09:45:00,25460.25,25471.85,25431.9,25466.6,8189446
2026-02-16 09:55:00,25466.35,25533.85,25463.7,25527.15,8285737
2026-02-16 10:05:00,25527.3,25556.5,25512.0,25551.45,7329511
2026-02-16 10:15:00,25550.8,25561.85,25526.35,25526.8,6307187
2026-02-16 10:25:00,25526.1,25540.25,25518.9,25531.35,5931390
2026-02-16 10:35:00,25533.6,25540.1,25521.0,25526.25,5890482
2026-02-16 10:45:00,25526.45,25536.0,25508.8,25513.6,5909819
2026-02-16 10:55:00,25512.7,25533.45,25507.15,25530.9,5301601
2026-02-16 11:05:00,25531.05,25537.1,25523.95,25534.55,4669856
2026-02-16 11:15:00,25533.85,25544.55,25527.3,25541.4,5822908
2026-02-16 11:25:00,25541.45,25547.15,25511.35,25519.4,6213282
2026-02-16 11:35:00,25520.65,25531.55,25513.6,25523.65,5830402
2026-02-16 11:45:00,25521.05,25522.5,25503.05,25509.1,5173234
2026-02-16 11:55:00,25509.0,25538.75,25507.65,25535.6,4968424
2026-02-16 12:05:00,25535.6,25555.2,25531.6,25545.7,4996829
2026-02-16 12:15:00,25545.4,25566.6,25532.95,25559.8,5464590
2026-02-16 12:25:00,25560.95,25588.05,25554.4,25584.3,6979191
2026-02-16 12:35:00,25585.05,25590.9,25572.0,25577.8,7791345
2026-02-16 12:45:00,25578.95,25582.35,25553.15,25565.8,5842111
2026-02-16 12:55:00,25566.7,25580.95,25550.65,25570.65,6758657
2026-02-16 13:05:00,25570.05,25584.85,25564.9,25571.35,6575424
2026-02-16 13:15:00,25571.45,25581.0,25564.35,25574.75,6391517
2026-02-16 13:25:00,25574.9,25584.2,25566.35,25576.25,7041924
2026-02-16 13:35:00,25577.25,25593.15,25575.95,25590.6,5197203
2026-02-16 13:45:00,25590.7,25594.15,25567.3,25567.3,6012876
2026-02-16 13:55:00,25567.4,25585.4,25544.85,25576.35,6987709
2026-02-16 14:05:00,25577.15,25582.5,25560.5,25580.35,5193466
2026-02-16 14:15:00,25581.1,25587.5,25574.0,25583.95,4194794
2026-02-16 14:25:00,25583.8,25649.05,25582.85,25648.9,7681934
2026-02-16 14:35:00,25647.55,25654.95,25631.55,25646.25,7735902
2026-02-16 14:45:00,25645.75,25669.85,25639.8,25651.35,6244961
2026-02-16 14:55:00,25651.6,25688.4,25647.9,25686.65,9821164
2026-02-16 15:05:00,25684.75,25697.0,25678.5,25686.75,12467822
2026-02-16 15:15:00,25687.05,25692.75,25675.5,25687.6,14346404
2026-02-16 15:25:00,25689.35,25691.95,25673.0,25682.45,7608053
2026-02-17 09:15:00,25637.95,25664.85,25574.25,25579.7,19662072
2026-02-17 09:25:00,25578.85,25616.5,25570.3,25612.4,15175356
2026-02-17 09:35:00,25613.85,25644.75,25584.05,25642.95,11656582
2026-02-17 09:45:00,25642.2,25664.4,25632.4,25662.3,10631974
2026-02-17 09:55:00,25662.0,25675.85,25651.3,25662.25,12306950
2026-02-17 10:05:00,25662.0,25682.0,25656.95,25679.25,11321897
2026-02-17 10:15:00,25679.4,25698.15,25666.15,25694.65,9562087
2026-02-17 10:25:00,25694.6,25730.35,25692.05,25710.5,10594434
2026-02-17 10:35:00,25709.95,25710.0,25657.2,25661.3,8290487
2026-02-17 10:45:00,25661.6,25668.05,25642.75,25656.6,8173861
2026-02-17 10:55:00,25656.55,25672.1,25656.25,25666.55,6965927
2026-02-17 11:05:00,25666.8,25674.95,25653.65,25673.1,6752095
2026-02-17 11:15:00,25673.95,25690.9,25669.5,25688.0,5248081
2026-02-17 11:25:00,25689.0,25723.85,25685.4,25721.45,8726708
2026-02-17 11:35:00,25721.2,25745.75,25708.5,25722.35,8991576
2026-02-17 11:45:00,25722.75,25741.8,25722.6,25741.6,5684724
2026-02-17 11:55:00,25741.4,25741.8,25722.15,25724.0,5311746
2026-02-17 12:05:00,25723.75,25732.7,25718.8,25721.7,6285091
2026-02-17 12:15:00,25722.55,25751.1,25721.85,25747.4,9277517
2026-02-17 12:25:00,25747.35,25753.85,25728.1,25735.7,5878600
2026-02-17 12:35:00,25735.5,25741.25,25725.35,25738.7,7626607
2026-02-17 12:45:00,25738.25,25760.85,25736.1,25753.95,5111871
2026-02-17 12:55:00,25752.55,25755.6,25717.05,25717.05,6482068
2026-02-17 13:05:00,25716.25,25764.4,25713.9,25736.35,12192589
2026-02-17 13:15:00,25736.25,25748.0,25725.75,25740.4,9028619
2026-02-17 13:25:00,25740.2,25759.95,25735.1,25751.8,4974534
2026-02-17 13:35:00,25752.9,25761.95,25738.05,25744.7,6012129
2026-02-17 13:45:00,25744.8,25749.8,25726.7,25731.95,4221575
2026-02-17 13:55:00,25731.7,25732.8,25696.75,25726.1,8602524
2026-02-17 14:05:00,25728.0,25734.15,25667.8,25670.95,7078923
2026-02-17 14:15:00,25670.7,25705.8,25662.6,25698.2,6775548
2026-02-17 14:25:00,25698.25,25705.3,25675.5,25696.05,4831630
2026-02-17 14:35:00,25695.7,25733.45,25691.85,25717.3,11374677
2026-02-17 14:45:00,25717.3,25719.85,25703.9,25717.15,5847873
2026-02-17 14:55:00,25717.85,25746.3,25691.15,25709.75,14837176
2026-02-17 15:05:00,25711.05,25744.35,25703.0,25724.85,15663655
2026-02-17 15:15:00,25725.45,25731.85,25714.85,25724.55,17441550
2026-02-17 15:25:00,25725.0,25728.1,25713.8,25716.0,8290838
2026-02-18 09:15:00,25752.65,25759.75,25704.4,25704.5,25858229
2026-02-18 09:25:00,25705.4,25738.2,25697.75,25731.45,12738247
2026-02-18 09:35:00,25731.8,25746.65,25725.85,25741.85,10102909
2026-02-18 09:45:00,25744.45,25744.45,25699.35,25702.35,8611944
2026-02-18 09:55:00,25701.85,25702.0,25650.25,25666.45,10403730
2026-02-18 10:05:00,25668.3,25674.85,25652.3,25661.95,7170356
2026-02-18 10:15:00,25663.85,25675.6,25645.6,25670.3,11022476
2026-02-18 10:25:00,25670.95,25675.1,25645.15,25673.0,7693658
2026-02-18 10:35:00,25673.35,25684.7,25654.7,25660.75,7481828
2026-02-18 10:45:00,25661.9,25696.8,25658.85,25691.65,7168345
2026-02-18 10:55:00,25692.2,25709.0,25688.05,25706.15,7831833
2026-02-18 11:05:00,25706.0,25706.65,25689.3,25700.05,6950614
2026-02-18 11:15:00,25700.7,25701.8,25683.5,25688.0,6419046
2026-02-18 11:25:00,25687.7,25716.55,25679.95,25713.65,6998796
2026-02-18 11:35:00,25711.6,25716.4,25676.55,25686.9,5717161
2026-02-18 11:45:00,25687.5,25695.7,25682.65,25695.55,6140295
2026-02-18 11:55:00,25695.5,25711.6,25689.95,25704.5,9377222
2026-02-18 12:05:00,25704.5,25718.4,25704.3,25709.85,4890099
2026-02-18 12:15:00,25710.5,25723.0,25710.5,25720.3,7241180
2026-02-18 12:25:00,25720.4,25726.2,25703.65,25722.7,5360465
2026-02-18 12:35:00,25722.45,25734.4,25718.05,25726.35,5234254
2026-02-18 12:45:00,25725.1,25729.55,25711.9,25726.8,6232355
2026-02-18 12:55:00,25726.55,25742.05,25719.55,25737.0,5085954
2026-02-18 13:05:00,25736.7,25742.05,25718.4,25731.5,4359605
2026-02-18 13:15:00,25730.95,25753.2,25730.95,25744.85,5691770
2026-02-18 13:25:00,25745.15,25746.85,25717.8,25727.55,5147833
2026-02-18 13:35:00,25726.2,25730.95,25718.1,25724.7,4404865
2026-02-18 13:45:00,25724.6,25746.15,25699.15,25700.0,8264467
2026-02-18 13:55:00,25699.2,25728.2,25695.75,25725.45,5733907
2026-02-18 14:05:00,25726.55,25757.35,25725.25,25756.8,5248673
2026-02-18 14:15:00,25756.95,25791.55,25750.6,25790.55,6818382
2026-02-18 14:25:00,25789.9,25792.85,25774.7,25779.1,6353039
2026-02-18 14:35:00,25778.8,25793.8,25774.3,25779.8,6509267
2026-02-18 14:45:00,25779.65,25790.55,25768.45,25787.45,7156917
2026-02-18 14:55:00,25786.95,25828.05,25786.95,25814.55,10428180
2026-02-18 15:05:00,25813.65,25827.15,25807.95,25821.95,13748985
2026-02-18 15:15:00,25821.95,25827.45,25814.1,25817.3,18318729
2026-02-18 15:25:00,25815.45,25818.95,25805.05,25805.7,8645362
2026-02-19 09:15:00,25873.35,25885.3,25836.6,25850.2,21191479
2026-02-19 09:25:00,25850.25,25851.9,25803.25,25804.3,8904955
2026-02-19 09:35:00,25805.05,25821.2,25776.55,25779.9,10153329
2026-02-19 09:45:00,25780.95,25812.95,25773.4,25782.65,6510857
2026-02-19 09:55:00,25783.6,25789.1,25763.0,25786.55,6044581
2026-02-19 10:05:00,25785.85,25793.9,25749.45,25756.45,5407938
2026-02-19 10:15:00,25757.75,25765.85,25741.9,25754.05,5211516
2026-02-19 10:25:00,25752.8,25754.95,25732.35,25739.5,4266476
2026-02-19 10:35:00,25739.95,25743.2,25708.7,25735.05,7785483
2026-02-19 10:45:00,25735.2,25737.0,25718.05,25733.65,4716836
2026-02-19 10:55:00,25732.75,25746.0,25719.95,25734.9,6529609
2026-02-19 11:05:00,25734.8,25745.05,25713.85,25715.8,4731737
2026-02-19 11:15:00,25715.3,25720.7,25679.75,25683.25,3944669
2026-02-19 11:25:00,25682.4,25693.1,25681.15,25686.95,3176670
2026-02-19 11:35:00,25686.95,25688.95,25667.65,25678.9,3537842
2026-02-19 11:45:00,25679.35,25680.05,25652.45,25658.65,3631916
2026-02-19 11:55:00,25657.2,25663.95,25641.7,25652.1,4869681
2026-02-19 12:05:00,25652.95,25655.85,25601.0,25603.5,5998540
2026-02-19 12:15:00,25602.85,25639.7,25586.75,25633.35,6185336
2026-02-19 12:25:00,25631.9,25634.9,25608.6,25614.0,4059512
2026-02-19 12:35:00,25613.75,25621.4,25569.35,25582.55,5083004
2026-02-19 12:45:00,25580.7,25613.4,25567.75,25592.2,4984697
2026-02-19 12:55:00,25593.35,25602.4,25586.25,25598.45,3630435
2026-02-19 13:05:00,25597.75,25631.4,25597.5,25624.55,9381125
2026-02-19 13:15:00,25623.85,25634.3,25598.5,25630.75,6288183
2026-02-19 13:25:00,25630.6,25636.25,25575.85,25591.3,7672265
2026-02-19 13:35:00,25591.05,25608.9,25578.65,25600.55,5988615
2026-02-19 13:45:00,25600.5,25605.7,25564.55,25579.95,10330638
2026-02-19 13:55:00,25581.9,25582.7,25549.35,25552.5,6593829
2026-02-19 14:05:00,25552.55,25577.45,25545.3,25571.4,5930005
2026-02-19 14:15:00,25570.9,25609.95,25568.3,25580.95,10515086
2026-02-19 14:25:00,25579.65,25580.45,25544.9,25564.55,5085850
2026-02-19 14:35:00,25564.05,25575.55,25518.2,25518.25,6785910
2026-02-19 14:45:00,25517.95,25525.6,25488.0,25522.7,9705198
2026-02-19 14:55:00,25520.55,25535.4,25465.8,25504.65,16828377
2026-02-19 15:05:00,25504.4,25512.3,25440.25,25447.6,23554233
2026-02-19 15:15:00,25447.6,25447.6,25389.75,25404.45,22365820
2026-02-19 15:25:00,25403.45,25419.3,25388.75,25416.45,8826617
2026-02-20 09:15:00,25406.55,25485.85,25386.2,25431.55,20894311
2026-02-20 09:25:00,25432.0,25468.85,25379.75,25466.35,11480479
2026-02-20 09:35:00,25466.6,25486.9,25450.35,25482.3,10555022
2026-02-20 09:45:00,25481.65,25524.4,25480.6,25504.05,6866953
2026-02-20 09:55:00,25503.9,25524.7,25491.95,25496.35,6423683
2026-02-20 10:05:00,25497.45,25512.6,25468.95,25480.45,7272901
2026-02-20 10:15:00,25479.9,25555.05,25479.9,25544.85,6056650
2026-02-20 10:25:00,25543.75,25578.5,25543.75,25570.85,5966240
2026-02-20 10:35:00,25570.5,25603.8,25564.15,25596.65,5260476
2026-02-20 10:45:00,25595.6,25606.5,25577.05,25587.95,5160750
2026-02-20 10:55:00,25588.3,25593.85,25569.3,25579.2,5451999
2026-02-20 11:05:00,25579.55,25586.35,25560.75,25561.85,5695553
2026-02-20 11:15:00,25561.7,25583.2,25561.7,25568.85,5356035
2026-02-20 11:25:00,25568.4,25602.6,25563.4,25593.9,5578857
2026-02-20 11:35:00,25593.25,25607.2,25586.05,25600.85,4635493
2026-02-20 11:45:00,25600.25,25620.7,25582.65,25583.85,5767443
2026-02-20 11:55:00,25583.6,25610.75,25580.55,25587.3,4029427
2026-02-20 12:05:00,25586.75,25604.5,25582.8,25603.1,4584440
2026-02-20 12:15:00,25602.45,25651.55,25602.1,25648.1,7884811
2026-02-20 12:25:00,25648.05,25663.55,25640.6,25643.0,7323016
2026-02-20 12:35:00,25643.35,25649.2,25604.95,25606.8,5468597
2026-02-20 12:45:00,25605.95,25623.85,25588.45,25612.25,5161873
2026-02-20 12:55:00,25612.1,25613.2,25573.3,25587.9,5673440
2026-02-20 13:05:00,25588.25,25588.9,25535.75,25554.6,6632171
2026-02-20 13:15:00,25554.5,25559.15,25532.0,25549.85,7363725
2026-02-20 13:25:00,25549.2,25593.5,25540.3,25593.5,6381262
2026-02-20 13:35:00,25593.7,25609.6,25556.0,25573.0,5577468
2026-02-20 13:45:00,25572.85,25587.4,25565.15,25565.2,3930167
2026-02-20 13:55:00,25564.9,25611.8,25561.4,25593.0,4876447
2026-02-20 14:05:00,25592.2,25602.15,25577.45,25602.15,5745367
2026-02-20 14:15:00,25601.65,25634.15,25601.65,25604.55,7168935
2026-02-20 14:25:00,25604.35,25607.3,25585.9,25600.75,6872058
2026-02-20 14:35:00,25600.7,25637.6,25595.75,25625.55,5886842
2026-02-20 14:45:00,25625.95,25652.85,25614.6,25632.55,6304470
2026-02-20 14:55:00,25632.1,25649.65,25595.3,25598.0,12916985
2026-02-20 15:05:00,25597.05,25598.8,25563.0,25571.95,20556056
2026-02-20 15:15:00,25570.85,25572.6,25538.9,25567.0,25238795
2026-02-20 15:25:00,25566.3,25577.45,25551.65,25565.9,10509900
2026-02-23 09:15:00,25678.4,25741.2,25626.5,25736.3,21162489
2026-02-23 09:25:00,25734.8,25771.45,25732.55,25740.4,10215167
2026-02-23 09:35:00,25740.55,25768.25,25718.6,25730.25,10373360
2026-02-23 09:45:00,25732.2,25749.0,25711.1,25717.9,8008610
2026-02-23 09:55:00,25718.5,25743.95,25711.95,25729.55,7285424
2026-02-23 10:05:00,25730.35,25737.45,25705.15,25717.35,7436427
2026-02-23 10:15:00,25717.85,25733.7,25712.85,25726.3,6732271
2026-02-23 10:25:00,25726.0,25726.0,25693.55,25700.1,6911185
2026-02-23 10:35:00,25701.3,25706.35,25655.15,25656.95,7771356
2026-02-23 10:45:00,25658.0,25677.7,25646.6,25671.8,12308329
2026-02-23 10:55:00,25672.75,25692.0,25665.0,25683.15,6211326
2026-02-23 11:05:00,25683.15,25697.95,25652.3,25696.1,5768856
2026-02-23 11:15:00,25697.0,25699.2,25660.2,25663.2,5144268
2026-02-23 11:25:00,25663.75,25666.0,25652.5,25655.05,7920841
2026-02-23 11:35:00,25655.45,25671.2,25651.85,25667.65,6218114
2026-02-23 11:45:00,25668.0,25671.2,25631.65,25658.8,7123733
2026-02-23 11:55:00,25658.85,25666.45,25646.05,25660.5,7565497
2026-02-23 12:05:00,25660.9,25673.35,25651.55,25661.6,6749186
2026-02-23 12:15:00,25662.1,25682.95,25653.15,25654.75,6540834
2026-02-23 12:25:00,25655.7,25658.95,25636.4,25653.85,9742065
2026-02-23 12:35:00,25654.8,25685.0,25653.2,25685.0,7688869
2026-02-23 12:45:00,25684.45,25690.85,25643.55,25655.75,7548987
2026-02-23 12:55:00,25656.15,25657.65,25631.55,25639.5,5206909
2026-02-23 13:05:00,25639.25,25657.6,25636.15,25636.7,6874315
2026-02-23 13:15:00,25638.05,25659.0,25627.7,25655.1,5288903
2026-02-23 13:25:00,25655.9,25680.3,25646.45,25648.05,6471289
2026-02-23 13:35:00,25648.25,25666.75,25632.35,25663.1,6602101
2026-02-23 13:45:00,25664.75,25669.4,25650.75,25652.75,4701677
2026-02-23 13:55:00,25653.1,25656.35,25609.35,25623.65,5974480
2026-02-23 14:05:00,25624.5,25638.3,25615.0,25630.7,5799454
2026-02-23 14:15:00,25630.7,25651.35,25619.75,25648.0,5496576
2026-02-23 14:25:00,25648.1,25709.45,25641.45,25694.3,8127652
2026-02-23 14:35:00,25695.0,25702.75,25661.75,25670.05,6646742
2026-02-23 14:45:00,25671.05,25699.85,25668.1,25679.15,6701300
2026-02-23 14:55:00,25680.3,25724.3,25669.6,25718.25,13077544
2026-02-23 15:05:00,25719.3,25728.95,25705.7,25712.1,15806944
2026-02-23 15:15:00,25711.3,25722.4,25705.5,25719.3,18464557
2026-02-23 15:25:00,25717.7,25722.5,25700.0,25704.0,8120608
2026-02-24 09:15:00,25641.8,25641.8,25548.7,25560.0,28515587
2026-02-24 09:25:00,25559.4,25570.5,25507.75,25513.9,13724433
2026-02-24 09:35:00,25512.8,25528.45,25482.85,25499.45,12410772
2026-02-24 09:45:00,25500.3,25535.6,25494.95,25511.6,10247179
2026-02-24 09:55:00,25511.65,25525.3,25506.85,25514.05,7745141
2026-02-24 10:05:00,25513.25,25532.65,25483.8,25484.7,7965738
2026-02-24 10:15:00,25484.0,25515.0,25474.35,25488.5,7420402
2026-02-24 10:25:00,25487.85,25510.35,25486.6,25500.7,6692389
2026-02-24 10:35:00,25499.65,25513.25,25492.5,25498.1,6086986
2026-02-24 10:45:00,25497.9,25499.65,25460.7,25465.35,6746399
2026-02-24 10:55:00,25465.65,25487.85,25462.4,25484.65,6644850
2026-02-24 11:05:00,25484.55,25512.5,25480.4,25505.85,7609336
2026-02-24 11:15:00,25505.7,25519.15,25497.1,25504.45,6201871
2026-02-24 11:25:00,25504.3,25520.7,25501.55,25506.55,7623906
2026-02-24 11:35:00,25506.55,25525.2,25500.6,25501.55,8169830
2026-02-24 11:45:00,25500.6,25503.45,25488.55,25488.85,7739944
2026-02-24 11:55:00,25488.1,25493.4,25455.65,25462.9,9464666
2026-02-24 12:05:00,25462.75,25476.15,25446.95,25466.05,9625441
2026-02-24 12:15:00,25464.5,25466.95,25418.9,25421.05,8675525
2026-02-24 12:25:00,25420.9,25434.05,25416.85,25428.8,8164547
2026-02-24 12:35:00,25428.15,25439.8,25415.1,25418.05,7663061
2026-02-24 12:45:00,25417.3,25420.8,25387.2,25401.7,9405659
2026-02-24 12:55:00,25401.35,25425.0,25395.7,25421.9,7485980
2026-02-24 13:05:00,25421.65,25433.25,25411.1,25424.6,7741283
2026-02-24 13:15:00,25424.7,25425.75,25398.2,25398.95,6830048
2026-02-24 13:25:00,25397.75,25408.05,25336.5,25339.85,10553364
2026-02-24 13:35:00,25339.6,25380.15,25327.6,25365.45,10246723
2026-02-24 13:45:00,25365.9,25375.65,25359.3,25374.65,6534001
2026-02-24 13:55:00,25373.9,25416.15,25373.9,25388.75,12941461
2026-02-24 14:05:00,25388.35,25443.55,25382.05,25440.5,10252016
2026-02-24 14:15:00,25440.05,25446.1,25391.9,25405.1,15261248
2026-02-24 14:25:00,25406.45,25421.5,25389.8,25397.3,10681681
2026-02-24 14:35:00,25395.55,25425.2,25381.25,25381.25,11714033
2026-02-24 14:45:00,25380.45,25423.3,25361.9,25412.8,15586878
2026-02-24 14:55:00,25412.65,25443.6,25406.35,25406.85,21998801
2026-02-24 15:05:00,25406.9,25426.1,25401.15,25421.2,34544940
2026-02-24 15:15:00,25422.2,25441.5,25416.65,25441.1,34742919
2026-02-24 15:25:00,25442.35,25464.55,25435.75,25460.25,13545173
2026-02-25 09:15:00,25512.6,25581.7,25507.9,25568.5,29604607
2026-02-25 09:25:00,25568.8,25594.95,25559.1,25579.05,15836751
2026-02-25 09:35:00,25578.8,25587.8,25560.75,25561.75,12117193
2026-02-25 09:45:00,25561.65,25587.4,25559.15,25574.0,11626498
2026-02-25 09:55:00,25573.2,25622.85,25572.9,25618.2,12931236
2026-02-25 10:05:00,25617.5,25633.25,25617.5,25631.75,11228670
2026-02-25 10:15:00,25631.6,25652.6,25629.95,25630.9,9464591
2026-02-25 10:25:00,25630.7,25645.05,25630.7,25643.3,14403737
2026-02-25 10:35:00,25643.65,25649.65,25618.9,25619.9,8578256
2026-02-25 10:45:00,25619.05,25628.15,25607.5,25620.15,6810075
2026-02-25 10:55:00,25621.1,25626.75,25611.45,25615.05,6397153
2026-02-25 11:05:00,25616.35,25630.8,25608.55,25616.0,5907169
2026-02-25 11:15:00,25615.5,25620.0,25597.6,25608.6,5349205
2026-02-25 11:25:00,25607.85,25617.5,25599.95,25602.15,6101525
2026-02-25 11:35:00,25603.2,25609.9,25581.05,25588.0,6383002
2026-02-25 11:45:00,25589.85,25622.2,25589.85,25607.45,10316960
2026-02-25 11:55:00,25608.65,25611.45,25586.3,25611.45,7147633
2026-02-25 12:05:00,25610.2,25614.25,25591.9,25600.2,7949545
2026-02-25 12:15:00,25599.7,25615.5,25588.65,25599.45,10760336
2026-02-25 12:25:00,25599.5,25599.85,25534.75,25536.2,7900527
2026-02-25 12:35:00,25535.45,25537.85,25501.85,25504.3,10947353
2026-02-25 12:45:00,25504.5,25505.15,25461.25,25480.1,9808946
2026-02-25 12:55:00,25479.0,25491.45,25440.05,25462.05,6799143
2026-02-25 13:05:00,25462.05,25476.5,25444.9,25462.6,6935623
2026-02-25 13:15:00,25462.4,25485.2,25455.0,25456.35,8478163
2026-02-25 13:25:00,25455.7,25480.95,25428.2,25461.25,9600494
2026-02-25 13:35:00,25461.3,25479.25,25460.1,25462.05,6528100
2026-02-25 13:45:00,25462.35,25474.8,25450.5,25473.2,7856765
2026-02-25 13:55:00,25473.8,25474.7,25439.3,25443.9,8118680
2026-02-25 14:05:00,25445.3,25464.95,25430.15,25457.1,7264496
2026-02-25 14:15:00,25457.3,25502.45,25454.85,25473.0,11734997
2026-02-25 14:25:00,25473.35,25480.85,25448.55,25475.7,11092989
2026-02-25 14:35:00,25476.35,25482.6,25457.95,25471.45,15540637
2026-02-25 14:45:00,25471.6,25473.35,25439.95,25458.35,9352684
2026-02-25 14:55:00,25459.6,25506.55,25452.6,25501.0,17396907
2026-02-25 15:05:00,25499.9,25501.4,25469.5,25478.5,23097648
2026-02-25 15:15:00,25477.05,25485.2,25473.1,25475.05,24001121
2026-02-25 15:25:00,25475.85,25488.25,25471.05,25478.65,10940119
2026-02-26 09:15:00,25556.3,25567.6,25488.95,25498.45,31343218
2026-02-26 09:25:00,25498.45,25519.7,25487.85,25518.8,10541985
2026-02-26 09:35:00,25518.85,25556.3,25516.4,25555.9,10278947
2026-02-26 09:45:00,25555.3,25565.6,25508.2,25510.6,9628645
2026-02-26 09:55:00,25509.8,25543.8,25500.1,25543.8,7290661
2026-02-26 10:05:00,25543.25,25572.95,25540.25,25558.25,7067209
2026-02-26 10:15:00,25558.6,25562.0,25534.8,25538.4,8206385
2026-02-26 10:25:00,25537.65,25550.25,25519.55,25536.6,8232175
2026-02-26 10:35:00,25538.95,25542.3,25521.55,25531.8,8713643
2026-02-26 10:45:00,25532.8,25551.55,25525.75,25525.75,7421092
2026-02-26 10:55:00,25527.15,25528.65,25491.7,25521.8,7966021
2026-02-26 11:05:00,25520.75,25530.45,25509.5,25523.25,5321834
2026-02-26 11:15:00,25522.75,25541.1,25517.45,25540.65,7026968
2026-02-26 11:25:00,25541.4,25570.85,25512.55,25521.35,7852279
2026-02-26 11:35:00,25522.1,25524.0,25458.05,25461.35,8779134
2026-02-26 11:45:00,25460.35,25490.65,25451.5,25469.65,9980338
2026-02-26 11:55:00,25468.9,25472.45,25446.55,25470.2,6059211
2026-02-26 12:05:00,25469.75,25481.7,25456.25,25459.3,7020104
2026-02-26 12:15:00,25458.05,25468.5,25400.95,25432.4,13401205
2026-02-26 12:25:00,25432.85,25445.45,25425.25,25436.1,7370180
2026-02-26 12:35:00,25435.4,25461.15,25431.3,25459.95,8913998
2026-02-26 12:45:00,25457.45,25460.7,25426.65,25430.75,7448360
2026-02-26 12:55:00,25432.25,25452.25,25412.05,25451.75,9370896
2026-02-26 13:05:00,25451.75,25453.3,25427.05,25428.55,7332050
2026-02-26 13:15:00,25428.2,25438.3,25403.4,25438.05,7487839
2026-02-26 13:25:00,25437.5,25454.75,25430.65,25432.85,7593882
2026-02-26 13:35:00,25434.45,25448.15,25432.8,25438.2,5193280
2026-02-26 13:45:00,25438.05,25447.75,25415.1,25441.95,10360793
2026-02-26 13:55:00,25443.2,25450.9,25419.35,25427.45,8261615
2026-02-26 14:05:00,25425.3,25460.55,25406.15,25453.45,7563583
2026-02-26 14:15:00,25456.65,25463.15,25428.15,25430.15,5669686
2026-02-26 14:25:00,25429.55,25462.5,25427.0,25462.45,11826845
2026-02-26 14:35:00,25464.1,25513.0,25459.0,25513.0,11156394
2026-02-26 14:45:00,25514.8,25527.15,25486.45,25504.55,16073657
2026-02-26 14:55:00,25504.7,25524.85,25477.55,25486.0,21878370
2026-02-26 15:05:00,25485.25,25507.25,25475.5,25486.15,27101205
2026-02-26 15:15:00,25486.95,25503.25,25483.8,25498.6,28085510
2026-02-26 15:25:00,25499.0,25501.85,25482.95,25493.3,12909091
2026-02-27 09:15:00,25459.85,25476.4,25379.4,25399.65,27648662
2026-02-27 09:25:00,25398.45,25417.7,25363.0,25367.2,13528156
2026-02-27 09:35:00,25367.15,25383.65,25351.2,25364.4,10518278
2026-02-27 09:45:00,25363.8,25364.35,25334.3,25336.05,8170489
2026-02-27 09:55:00,25336.1,25348.15,25322.95,25327.25,7747676
2026-02-27 10:05:00,25328.2,25332.5,25308.6,25322.6,6837484
2026-02-27 10:15:00,25321.95,25324.0,25292.4,25314.8,5598173
2026-02-27 10:25:00,25314.9,25337.05,25314.9,25327.0,5661971
2026-02-27 10:35:00,25327.35,25346.45,25313.95,25315.25,5929010
2026-02-27 10:45:00,25315.05,25326.65,25307.65,25310.9,5280550
2026-02-27 10:55:00,25310.8,25322.95,25304.25,25322.95,6678250
2026-02-27 11:05:00,25322.45,25338.2,25322.45,25335.0,7801069
2026-02-27 11:15:00,25334.55,25341.65,25312.3,25319.25,5750054
2026-02-27 11:25:00,25320.8,25321.2,25284.45,25284.5,6819136
2026-02-27 11:35:00,25284.55,25296.35,25271.75,25295.1,6237639
2026-02-27 11:45:00,25295.15,25314.2,25295.15,25306.8,4489038
2026-02-27 11:55:00,25306.45,25328.8,25298.4,25312.8,6237074
2026-02-27 12:05:00,25312.65,25315.75,25284.8,25284.95,5245136
2026-02-27 12:15:00,25285.35,25298.75,25270.05,25272.95,5940211
2026-02-27 12:25:00,25273.2,25313.15,25273.2,25290.9,5498116
2026-02-27 12:35:00,25290.4,25294.35,25274.45,25277.2,5900199
2026-02-27 12:45:00,25276.75,25295.1,25268.7,25283.3,5047084
2026-02-27 12:55:00,25283.2,25285.55,25273.7,25278.7,4509331
2026-02-27 13:05:00,25278.9,25296.85,25278.9,25289.7,4949636
2026-02-27 13:15:00,25288.8,25292.95,25281.65,25286.95,4777529
2026-02-27 13:25:00,25287.55,25302.1,25287.55,25293.0,5146332
2026-02-27 13:35:00,25292.75,25313.75,25286.95,25300.75,5121369
2026-02-27 13:45:00,25300.25,25328.55,25300.25,25321.05,5009022
2026-02-27 13:55:00,25321.15,25352.05,25320.65,25325.8,6973426
2026-02-27 14:05:00,25325.6,25340.3,25315.7,25324.55,6312637
2026-02-27 14:15:00,25324.2,25328.9,25316.9,25318.5,5116846
2026-02-27 14:25:00,25318.65,25319.05,25287.0,25293.95,6507654
2026-02-27 14:35:00,25293.75,25310.1,25289.65,25293.8,7121702
2026-02-27 14:45:00,25294.1,25304.95,25287.8,25300.5,9715847
2026-02-27 14:55:00,25300.55,25314.8,25178.6,25183.5,41348329
2026-02-27 15:05:00,25183.55,25190.9,25141.3,25167.9,63672788
2026-02-27 15:15:00,25168.8,25189.1,25159.35,25166.95,65513522
2026-02-27 15:25:00,25167.3,25188.2,25163.85,25181.8,25737010
